{"metadata":{},"options":{"compact":false,"sourceMaps":true,"ast":true,"babelrc":false,"configFile":false,"parserOpts":{"sourceType":"module","sourceFileName":"/home/leeaus/FinalExam/FinalAssign/client/packages/blaze/exceptions.js","plugins":["*","flow","jsx","asyncGenerators","bigInt","classPrivateMethods","classPrivateProperties","classProperties","doExpressions","dynamicImport","exportDefaultFrom","exportExtensions","exportNamespaceFrom","functionBind","functionSent","importMeta","nullishCoalescingOperator","numericSeparator","objectRestSpread","optionalCatchBinding","optionalChaining",["pipelineOperator",{"proposal":"minimal"}],"throwExpressions","classProperties","classPrivateProperties","jsx","nullishCoalescingOperator","nullishCoalescingOperator","optionalChaining","optionalChaining","optionalCatchBinding","optionalCatchBinding","classProperties","classPrivateProperties","classPrivateMethods","classProperties","classPrivateProperties","asyncGenerators","asyncGenerators","objectRestSpread","objectRestSpread"],"allowImportExportEverywhere":true,"allowReturnOutsideFunction":true,"allowUndeclaredExports":true,"strictMode":false},"caller":{"name":"meteor","arch":"web.browser"},"sourceFileName":"packages/blaze/exceptions.js","filename":"/home/leeaus/FinalExam/FinalAssign/client/packages/blaze/exceptions.js","passPerPreset":false,"envName":"development","cwd":"/home/leeaus/FinalExam/FinalAssign/client","root":"/home/leeaus/FinalExam/FinalAssign/client","plugins":[{"key":"base$0","visitor":{"_exploded":true,"_verified":true},"options":{}},{"key":"base$0$0","visitor":{"Program":{"enter":[null],"exit":[null]},"_exploded":true,"_verified":true},"options":{"avoidModernSyntax":false,"enforceStrictMode":false,"dynamicImport":true,"generateLetDeclarations":true}},{"key":"transform-runtime","visitor":{"CallExpression":{"enter":[null]},"BinaryExpression":{"enter":[null]},"MemberExpression":{"enter":[null],"exit":[null]},"_exploded":true,"_verified":true,"Identifier":{"enter":[null]},"JSXIdentifier":{"enter":[null]}},"options":{"version":"7.9.2","helpers":true,"useESModules":false,"corejs":false}},{"key":"proposal-class-properties","visitor":{"PrivateName":{"enter":[null]},"ExportDefaultDeclaration":{"enter":[null]},"_exploded":true,"_verified":true,"ClassExpression":{"enter":[null]},"ClassDeclaration":{"enter":[null]}},"options":{"loose":true}},{"key":"transform-react-jsx","visitor":{"_exploded":{},"_verified":{},"JSXNamespacedName":{"enter":[null]},"JSXSpreadChild":{"enter":[null]},"JSXElement":{"exit":[null]},"JSXFragment":{"exit":[null]},"Program":{"enter":[null],"exit":[null]},"JSXAttribute":{"enter":[null]}},"options":{"pragma":"React.createElement","pragmaFrag":"React.Fragment","runtime":"classic","throwIfNamespace":true,"useBuiltIns":false}},{"key":"transform-react-display-name","visitor":{"ExportDefaultDeclaration":{"enter":[null]},"CallExpression":{"enter":[null]},"_exploded":true,"_verified":true},"options":{}},{"key":"syntax-nullish-coalescing-operator","visitor":{"_exploded":true,"_verified":true},"options":{}},{"key":"proposal-nullish-coalescing-operator","visitor":{"_exploded":{},"_verified":{},"LogicalExpression":{"enter":[null]}},"options":{}},{"key":"syntax-optional-chaining","visitor":{"_exploded":true,"_verified":true},"options":{}},{"key":"proposal-optional-chaining","visitor":{"_exploded":{},"_verified":{},"OptionalCallExpression":{"enter":[null]},"OptionalMemberExpression":{"enter":[null]}},"options":{}},{"key":"syntax-optional-catch-binding","visitor":{"_exploded":true,"_verified":true},"options":{}},{"key":"proposal-optional-catch-binding","visitor":{"_exploded":{},"_verified":{},"CatchClause":{"enter":[null]}},"options":{}},{"key":"syntax-class-properties","visitor":{"_exploded":true,"_verified":true},"options":{}},{"key":"proposal-class-properties","visitor":{"PrivateName":{"enter":[null]},"ExportDefaultDeclaration":{"enter":[null]},"_exploded":true,"_verified":true,"ClassExpression":{"enter":[null]},"ClassDeclaration":{"enter":[null]}},"options":{}},{"key":"syntax-async-generators","visitor":{"_exploded":true,"_verified":true},"options":{}},{"key":"proposal-async-generator-functions","visitor":{"_exploded":{},"_verified":{},"Program":{"enter":[null]}},"options":{}},{"key":"syntax-object-rest-spread","visitor":{"_exploded":true,"_verified":true},"options":{}},{"key":"proposal-object-rest-spread","visitor":{"_exploded":{},"_verified":{},"VariableDeclarator":{"enter":[null]},"ExportNamedDeclaration":{"enter":[null]},"CatchClause":{"enter":[null]},"AssignmentExpression":{"enter":[null]},"ArrayPattern":{"enter":[null]},"ObjectExpression":{"enter":[null]},"FunctionDeclaration":{"enter":[null]},"FunctionExpression":{"enter":[null]},"ObjectMethod":{"enter":[null]},"ArrowFunctionExpression":{"enter":[null]},"ClassMethod":{"enter":[null]},"ClassPrivateMethod":{"enter":[null]},"ForInStatement":{"enter":[null]},"ForOfStatement":{"enter":[null]}},"options":{}},{"key":"transform-literals","visitor":{"NumericLiteral":{"enter":[null]},"StringLiteral":{"enter":[null]},"_exploded":true,"_verified":true},"options":{}},{"key":"transform-template-literals","visitor":{"TaggedTemplateExpression":{"enter":[null]},"TemplateLiteral":{"enter":[null]},"_exploded":true,"_verified":true},"options":{}},{"key":"transform-parameters","visitor":{"_exploded":true,"_verified":true,"FunctionDeclaration":{"enter":[null]},"FunctionExpression":{"enter":[null]},"ObjectMethod":{"enter":[null]},"ArrowFunctionExpression":{"enter":[null]},"ClassMethod":{"enter":[null]},"ClassPrivateMethod":{"enter":[null]}},"options":{}},{"key":"transform-exponentiation-operator","visitor":{"AssignmentExpression":{"enter":[null]},"BinaryExpression":{"enter":[null]},"_exploded":true,"_verified":true},"options":{}}],"presets":[],"generatorOpts":{"filename":"/home/leeaus/FinalExam/FinalAssign/client/packages/blaze/exceptions.js","comments":true,"compact":false,"sourceMaps":true,"sourceFileName":"packages/blaze/exceptions.js"}},"code":"var debugFunc; // We call into user code in many places, and it's nice to catch exceptions\n// propagated from user code immediately so that the whole system doesn't just\n// break.  Catching exceptions is easy; reporting them is hard.  This helper\n// reports exceptions.\n//\n// Usage:\n//\n// ```\n// try {\n//   // ... someStuff ...\n// } catch (e) {\n//   reportUIException(e);\n// }\n// ```\n//\n// An optional second argument overrides the default message.\n// Set this to `true` to cause `reportException` to throw\n// the next exception rather than reporting it.  This is\n// useful in unit tests that test error messages.\n\nBlaze._throwNextException = false;\n\nBlaze._reportException = function (e, msg) {\n  if (Blaze._throwNextException) {\n    Blaze._throwNextException = false;\n    throw e;\n  }\n\n  if (!debugFunc) // adapted from Tracker\n    debugFunc = function () {\n      return typeof Meteor !== \"undefined\" ? Meteor._debug : typeof console !== \"undefined\" && console.log ? console.log : function () {};\n    }; // In Chrome, `e.stack` is a multiline string that starts with the message\n  // and contains a stack trace.  Furthermore, `console.log` makes it clickable.\n  // `console.log` supplies the space between the two arguments.\n\n  debugFunc()(msg || 'Exception caught in template:', e.stack || e.message || e);\n};\n\nBlaze._wrapCatchingExceptions = function (f, where) {\n  if (typeof f !== 'function') return f;\n  return function () {\n    try {\n      return f.apply(this, arguments);\n    } catch (e) {\n      Blaze._reportException(e, 'Exception in ' + where + ':');\n    }\n  };\n};","map":{"version":3,"sources":["packages/blaze/exceptions.js"],"names":["debugFunc","Blaze","_throwNextException","_reportException","e","msg","Meteor","_debug","console","log","stack","message","_wrapCatchingExceptions","f","where","apply","arguments"],"mappings":"AAAA,IAAIA,SAAJ,C,CAEA;AACA;AACA;AACA;AACA;AACA;AACA;AACA;AACA;AACA;AACA;AACA;AACA;AACA;AACA;AACA;AAEA;AACA;AACA;;AACAC,KAAK,CAACC,mBAAN,GAA4B,KAA5B;;AAEAD,KAAK,CAACE,gBAAN,GAAyB,UAAUC,CAAV,EAAaC,GAAb,EAAkB;AACzC,MAAIJ,KAAK,CAACC,mBAAV,EAA+B;AAC7BD,IAAAA,KAAK,CAACC,mBAAN,GAA4B,KAA5B;AACA,UAAME,CAAN;AACD;;AAED,MAAI,CAAEJ,SAAN,EACE;AACAA,IAAAA,SAAS,GAAG,YAAY;AACtB,aAAQ,OAAOM,MAAP,KAAkB,WAAlB,GAAgCA,MAAM,CAACC,MAAvC,GACE,OAAOC,OAAP,KAAmB,WAApB,IAAoCA,OAAO,CAACC,GAA5C,GAAkDD,OAAO,CAACC,GAA1D,GACA,YAAY,CAAE,CAFvB;AAGD,KAJD,CARuC,CAczC;AACA;AACA;;AACAT,EAAAA,SAAS,GAAGK,GAAG,IAAI,+BAAV,EAA2CD,CAAC,CAACM,KAAF,IAAWN,CAAC,CAACO,OAAb,IAAwBP,CAAnE,CAAT;AACD,CAlBD;;AAoBAH,KAAK,CAACW,uBAAN,GAAgC,UAAUC,CAAV,EAAaC,KAAb,EAAoB;AAClD,MAAI,OAAOD,CAAP,KAAa,UAAjB,EACE,OAAOA,CAAP;AAEF,SAAO,YAAY;AACjB,QAAI;AACF,aAAOA,CAAC,CAACE,KAAF,CAAQ,IAAR,EAAcC,SAAd,CAAP;AACD,KAFD,CAEE,OAAOZ,CAAP,EAAU;AACVH,MAAAA,KAAK,CAACE,gBAAN,CAAuBC,CAAvB,EAA0B,kBAAkBU,KAAlB,GAA0B,GAApD;AACD;AACF,GAND;AAOD,CAXD","sourcesContent":["var debugFunc;\n\n// We call into user code in many places, and it's nice to catch exceptions\n// propagated from user code immediately so that the whole system doesn't just\n// break.  Catching exceptions is easy; reporting them is hard.  This helper\n// reports exceptions.\n//\n// Usage:\n//\n// ```\n// try {\n//   // ... someStuff ...\n// } catch (e) {\n//   reportUIException(e);\n// }\n// ```\n//\n// An optional second argument overrides the default message.\n\n// Set this to `true` to cause `reportException` to throw\n// the next exception rather than reporting it.  This is\n// useful in unit tests that test error messages.\nBlaze._throwNextException = false;\n\nBlaze._reportException = function (e, msg) {\n  if (Blaze._throwNextException) {\n    Blaze._throwNextException = false;\n    throw e;\n  }\n\n  if (! debugFunc)\n    // adapted from Tracker\n    debugFunc = function () {\n      return (typeof Meteor !== \"undefined\" ? Meteor._debug :\n              ((typeof console !== \"undefined\") && console.log ? console.log :\n               function () {}));\n    };\n\n  // In Chrome, `e.stack` is a multiline string that starts with the message\n  // and contains a stack trace.  Furthermore, `console.log` makes it clickable.\n  // `console.log` supplies the space between the two arguments.\n  debugFunc()(msg || 'Exception caught in template:', e.stack || e.message || e);\n};\n\nBlaze._wrapCatchingExceptions = function (f, where) {\n  if (typeof f !== 'function')\n    return f;\n\n  return function () {\n    try {\n      return f.apply(this, arguments);\n    } catch (e) {\n      Blaze._reportException(e, 'Exception in ' + where + ':');\n    }\n  };\n};\n"]},"sourceType":"module","hash":"076681f0dc5b0ec566709948456ca25c1f2b1bf7"}
