{"metadata":{},"options":{"compact":false,"sourceMaps":true,"ast":true,"babelrc":false,"configFile":false,"parserOpts":{"sourceType":"module","sourceFileName":"/home/leeaus/FinalExam/FinalAssign/client/packages/minimongo/sorter.js","plugins":["*","flow","jsx","asyncGenerators","bigInt","classPrivateMethods","classPrivateProperties","classProperties","doExpressions","dynamicImport","exportDefaultFrom","exportExtensions","exportNamespaceFrom","functionBind","functionSent","importMeta","nullishCoalescingOperator","numericSeparator","objectRestSpread","optionalCatchBinding","optionalChaining",["pipelineOperator",{"proposal":"minimal"}],"throwExpressions","classProperties","classPrivateProperties","jsx","nullishCoalescingOperator","nullishCoalescingOperator","optionalChaining","optionalChaining","optionalCatchBinding","optionalCatchBinding","classProperties","classPrivateProperties","classPrivateMethods","classProperties","classPrivateProperties","asyncGenerators","asyncGenerators","objectRestSpread","objectRestSpread"],"allowImportExportEverywhere":true,"allowReturnOutsideFunction":true,"allowUndeclaredExports":true,"strictMode":false},"caller":{"name":"meteor","arch":"web.browser.legacy"},"sourceFileName":"packages/minimongo/sorter.js","filename":"/home/leeaus/FinalExam/FinalAssign/client/packages/minimongo/sorter.js","passPerPreset":false,"envName":"development","cwd":"/home/leeaus/FinalExam/FinalAssign/client","root":"/home/leeaus/FinalExam/FinalAssign/client","plugins":[{"key":"base$0","visitor":{"_exploded":true,"_verified":true},"options":{}},{"key":"base$0$0","visitor":{"Program":{"enter":[null],"exit":[null]},"_exploded":true,"_verified":true},"options":{"avoidModernSyntax":true,"enforceStrictMode":false,"dynamicImport":true}},{"key":"transform-runtime","visitor":{"CallExpression":{"enter":[null]},"BinaryExpression":{"enter":[null]},"MemberExpression":{"enter":[null],"exit":[null]},"_exploded":true,"_verified":true,"Identifier":{"enter":[null]},"JSXIdentifier":{"enter":[null]}},"options":{"version":"7.9.2","helpers":true,"useESModules":false,"corejs":false}},{"key":"proposal-class-properties","visitor":{"PrivateName":{"enter":[null]},"ExportDefaultDeclaration":{"enter":[null]},"_exploded":true,"_verified":true,"ClassExpression":{"enter":[null]},"ClassDeclaration":{"enter":[null]}},"options":{"loose":true}},{"key":"base$0$3","visitor":{"FunctionExpression":{"exit":[null]},"_exploded":true,"_verified":true},"options":{}},{"key":"base$0$4","visitor":{"ForInStatement":{"enter":[null]},"_exploded":true,"_verified":true},"options":{}},{"key":"transform-react-jsx","visitor":{"_exploded":{},"_verified":{},"JSXNamespacedName":{"enter":[null]},"JSXSpreadChild":{"enter":[null]},"JSXElement":{"exit":[null]},"JSXFragment":{"exit":[null]},"Program":{"enter":[null],"exit":[null]},"JSXAttribute":{"enter":[null]}},"options":{"pragma":"React.createElement","pragmaFrag":"React.Fragment","runtime":"classic","throwIfNamespace":true,"useBuiltIns":false}},{"key":"transform-react-display-name","visitor":{"ExportDefaultDeclaration":{"enter":[null]},"CallExpression":{"enter":[null]},"_exploded":true,"_verified":true},"options":{}},{"key":"syntax-nullish-coalescing-operator","visitor":{"_exploded":true,"_verified":true},"options":{}},{"key":"proposal-nullish-coalescing-operator","visitor":{"_exploded":{},"_verified":{},"LogicalExpression":{"enter":[null]}},"options":{}},{"key":"syntax-optional-chaining","visitor":{"_exploded":true,"_verified":true},"options":{}},{"key":"proposal-optional-chaining","visitor":{"_exploded":{},"_verified":{},"OptionalCallExpression":{"enter":[null]},"OptionalMemberExpression":{"enter":[null]}},"options":{}},{"key":"syntax-optional-catch-binding","visitor":{"_exploded":true,"_verified":true},"options":{}},{"key":"proposal-optional-catch-binding","visitor":{"_exploded":{},"_verified":{},"CatchClause":{"enter":[null]}},"options":{}},{"key":"syntax-class-properties","visitor":{"_exploded":true,"_verified":true},"options":{}},{"key":"proposal-class-properties","visitor":{"PrivateName":{"enter":[null]},"ExportDefaultDeclaration":{"enter":[null]},"_exploded":true,"_verified":true,"ClassExpression":{"enter":[null]},"ClassDeclaration":{"enter":[null]}},"options":{}},{"key":"syntax-async-generators","visitor":{"_exploded":true,"_verified":true},"options":{}},{"key":"proposal-async-generator-functions","visitor":{"_exploded":{},"_verified":{},"Program":{"enter":[null]}},"options":{}},{"key":"syntax-object-rest-spread","visitor":{"_exploded":true,"_verified":true},"options":{}},{"key":"proposal-object-rest-spread","visitor":{"_exploded":{},"_verified":{},"VariableDeclarator":{"enter":[null]},"ExportNamedDeclaration":{"enter":[null]},"CatchClause":{"enter":[null]},"AssignmentExpression":{"enter":[null]},"ArrayPattern":{"enter":[null]},"ObjectExpression":{"enter":[null]},"FunctionDeclaration":{"enter":[null]},"FunctionExpression":{"enter":[null]},"ObjectMethod":{"enter":[null]},"ArrowFunctionExpression":{"enter":[null]},"ClassMethod":{"enter":[null]},"ClassPrivateMethod":{"enter":[null]},"ForInStatement":{"enter":[null]},"ForOfStatement":{"enter":[null]}},"options":{}},{"key":"transform-arrow-functions","visitor":{"ArrowFunctionExpression":{"enter":[null]},"_exploded":true,"_verified":true},"options":{}},{"key":"transform-block-scoped-functions","visitor":{"BlockStatement":{"enter":[null]},"SwitchCase":{"enter":[null]},"_exploded":true,"_verified":true},"options":{}},{"key":"transform-block-scoping","visitor":{"VariableDeclaration":{"enter":[null]},"CatchClause":{"enter":[null]},"_exploded":true,"BlockStatement":{"enter":[null]},"SwitchStatement":{"enter":[null]},"Program":{"enter":[null]},"_verified":true,"DoWhileStatement":{"enter":[null]},"ForInStatement":{"enter":[null]},"ForStatement":{"enter":[null]},"WhileStatement":{"enter":[null]},"ForOfStatement":{"enter":[null]}},"options":{}},{"key":"transform-classes","visitor":{"ExportDefaultDeclaration":{"enter":[null]},"ClassDeclaration":{"enter":[null]},"ClassExpression":{"enter":[null]},"_exploded":true,"_verified":true},"options":{"loose":true}},{"key":"transform-computed-properties","visitor":{"ObjectExpression":{"exit":[null]},"_exploded":true,"_verified":true},"options":{"loose":true}},{"key":"transform-destructuring","visitor":{"ExportNamedDeclaration":{"enter":[null]},"CatchClause":{"enter":[null]},"AssignmentExpression":{"enter":[null]},"VariableDeclaration":{"enter":[null]},"_exploded":true,"_verified":true,"ForInStatement":{"enter":[null]},"ForOfStatement":{"enter":[null]}},"options":{}},{"key":"transform-for-of","visitor":{"ForOfStatement":{"enter":[null]},"_exploded":true,"_verified":true},"options":{"loose":true}},{"key":"transform-literals","visitor":{"NumericLiteral":{"enter":[null]},"StringLiteral":{"enter":[null]},"_exploded":true,"_verified":true},"options":{}},{"key":"transform-object-super","visitor":{"ObjectExpression":{"enter":[null]},"_exploded":true,"_verified":true},"options":{}},{"key":"transform-parameters","visitor":{"_exploded":true,"_verified":true,"FunctionDeclaration":{"enter":[null]},"FunctionExpression":{"enter":[null]},"ObjectMethod":{"enter":[null]},"ArrowFunctionExpression":{"enter":[null]},"ClassMethod":{"enter":[null]},"ClassPrivateMethod":{"enter":[null]}},"options":{}},{"key":"transform-shorthand-properties","visitor":{"ObjectMethod":{"enter":[null]},"ObjectProperty":{"enter":[null]},"_exploded":true,"_verified":true},"options":{}},{"key":"transform-spread","visitor":{"ArrayExpression":{"enter":[null]},"CallExpression":{"enter":[null]},"NewExpression":{"enter":[null]},"_exploded":true,"_verified":true},"options":{}},{"key":"transform-sticky-regex","visitor":{"RegExpLiteral":{"enter":[null]},"_exploded":true,"_verified":true},"options":{}},{"key":"transform-template-literals","visitor":{"TaggedTemplateExpression":{"enter":[null]},"TemplateLiteral":{"enter":[null]},"_exploded":true,"_verified":true},"options":{"loose":true}},{"key":"transform-typeof-symbol","visitor":{"UnaryExpression":{"enter":[null]},"_exploded":true,"_verified":true,"BlockStatement":{"enter":[null]},"CatchClause":{"enter":[null]},"DoWhileStatement":{"enter":[null]},"ForInStatement":{"enter":[null]},"ForStatement":{"enter":[null]},"FunctionDeclaration":{"enter":[null]},"FunctionExpression":{"enter":[null]},"Program":{"enter":[null]},"ObjectMethod":{"enter":[null]},"SwitchStatement":{"enter":[null]},"WhileStatement":{"enter":[null]},"ArrowFunctionExpression":{"enter":[null]},"ClassExpression":{"enter":[null]},"ClassDeclaration":{"enter":[null]},"ForOfStatement":{"enter":[null]},"ClassMethod":{"enter":[null]},"ClassPrivateMethod":{"enter":[null]},"TSModuleBlock":{"enter":[null]},"AssignmentPattern":{"enter":[null]},"ArrayPattern":{"enter":[null]},"ObjectPattern":{"enter":[null]}},"options":{}},{"key":"transform-unicode-regex","visitor":{"RegExpLiteral":{"enter":[null]},"_exploded":true,"_verified":true},"options":{}},{"key":"transform-property-literals","visitor":{"ObjectProperty":{"exit":[null]},"_exploded":true,"_verified":true},"options":{}},{"key":"transform-exponentiation-operator","visitor":{"AssignmentExpression":{"enter":[null]},"BinaryExpression":{"enter":[null]},"_exploded":true,"_verified":true},"options":{}},{"key":"regenerator-transform","visitor":{"_exploded":true,"_verified":true,"ObjectMethod":{"enter":[null],"exit":[null]},"ClassMethod":{"enter":[null],"exit":[null]},"ClassPrivateMethod":{"enter":[null],"exit":[null]},"FunctionDeclaration":{"exit":[null]},"FunctionExpression":{"exit":[null]},"ArrowFunctionExpression":{"exit":[null]}},"options":{}}],"presets":[],"generatorOpts":{"filename":"/home/leeaus/FinalExam/FinalAssign/client/packages/minimongo/sorter.js","comments":true,"compact":false,"sourceMaps":true,"sourceFileName":"packages/minimongo/sorter.js"}},"code":"var _typeof;\n\nmodule.link(\"@babel/runtime/helpers/typeof\", {\n  default: function (v) {\n    _typeof = v;\n  }\n}, 0);\nmodule.export({\n  \"default\": function () {\n    return Sorter;\n  }\n});\nvar ELEMENT_OPERATORS, equalityElementMatcher, expandArraysInBranches, hasOwn, isOperatorObject, makeLookupFunction, regexpElementMatcher;\nmodule.link(\"./common.js\", {\n  ELEMENT_OPERATORS: function (v) {\n    ELEMENT_OPERATORS = v;\n  },\n  equalityElementMatcher: function (v) {\n    equalityElementMatcher = v;\n  },\n  expandArraysInBranches: function (v) {\n    expandArraysInBranches = v;\n  },\n  hasOwn: function (v) {\n    hasOwn = v;\n  },\n  isOperatorObject: function (v) {\n    isOperatorObject = v;\n  },\n  makeLookupFunction: function (v) {\n    makeLookupFunction = v;\n  },\n  regexpElementMatcher: function (v) {\n    regexpElementMatcher = v;\n  }\n}, 0);\n\nvar Sorter = /*#__PURE__*/function () {\n  function Sorter(spec) {\n    var _this = this;\n\n    this._sortSpecParts = [];\n    this._sortFunction = null;\n\n    var addSpecPart = function (path, ascending) {\n      if (!path) {\n        throw Error('sort keys must be non-empty');\n      }\n\n      if (path.charAt(0) === '$') {\n        throw Error(\"unsupported sort key: \" + path);\n      }\n\n      _this._sortSpecParts.push({\n        ascending: ascending,\n        lookup: makeLookupFunction(path, {\n          forSort: true\n        }),\n        path: path\n      });\n    };\n\n    if (spec instanceof Array) {\n      spec.forEach(function (element) {\n        if (typeof element === 'string') {\n          addSpecPart(element, true);\n        } else {\n          addSpecPart(element[0], element[1] !== 'desc');\n        }\n      });\n    } else if (_typeof(spec) === 'object') {\n      Object.keys(spec).forEach(function (key) {\n        addSpecPart(key, spec[key] >= 0);\n      });\n    } else if (typeof spec === 'function') {\n      this._sortFunction = spec;\n    } else {\n      throw Error(\"Bad sort specification: \" + JSON.stringify(spec));\n    } // If a function is specified for sorting, we skip the rest.\n\n\n    if (this._sortFunction) {\n      return;\n    } // To implement affectedByModifier, we piggy-back on top of Matcher's\n    // affectedByModifier code; we create a selector that is affected by the\n    // same modifiers as this sort order. This is only implemented on the\n    // server.\n\n\n    if (this.affectedByModifier) {\n      var selector = {};\n\n      this._sortSpecParts.forEach(function (spec) {\n        selector[spec.path] = 1;\n      });\n\n      this._selectorForAffectedByModifier = new Minimongo.Matcher(selector);\n    }\n\n    this._keyComparator = composeComparators(this._sortSpecParts.map(function (spec, i) {\n      return _this._keyFieldComparator(i);\n    }));\n  }\n\n  var _proto = Sorter.prototype;\n\n  _proto.getComparator = function () {\n    function getComparator(options) {\n      // If sort is specified or have no distances, just use the comparator from\n      // the source specification (which defaults to \"everything is equal\".\n      // issue #3599\n      // https://docs.mongodb.com/manual/reference/operator/query/near/#sort-operation\n      // sort effectively overrides $near\n      if (this._sortSpecParts.length || !options || !options.distances) {\n        return this._getBaseComparator();\n      }\n\n      var distances = options.distances; // Return a comparator which compares using $near distances.\n\n      return function (a, b) {\n        if (!distances.has(a._id)) {\n          throw Error(\"Missing distance for \" + a._id);\n        }\n\n        if (!distances.has(b._id)) {\n          throw Error(\"Missing distance for \" + b._id);\n        }\n\n        return distances.get(a._id) - distances.get(b._id);\n      };\n    }\n\n    return getComparator;\n  }() // Takes in two keys: arrays whose lengths match the number of spec\n  // parts. Returns negative, 0, or positive based on using the sort spec to\n  // compare fields.\n  ;\n\n  _proto._compareKeys = function () {\n    function _compareKeys(key1, key2) {\n      if (key1.length !== this._sortSpecParts.length || key2.length !== this._sortSpecParts.length) {\n        throw Error('Key has wrong length');\n      }\n\n      return this._keyComparator(key1, key2);\n    }\n\n    return _compareKeys;\n  }() // Iterates over each possible \"key\" from doc (ie, over each branch), calling\n  // 'cb' with the key.\n  ;\n\n  _proto._generateKeysFromDoc = function () {\n    function _generateKeysFromDoc(doc, cb) {\n      if (this._sortSpecParts.length === 0) {\n        throw new Error('can\\'t generate keys without a spec');\n      }\n\n      var pathFromIndices = function (indices) {\n        return indices.join(',') + \",\";\n      };\n\n      var knownPaths = null; // maps index -> ({'' -> value} or {path -> value})\n\n      var valuesByIndexAndPath = this._sortSpecParts.map(function (spec) {\n        // Expand any leaf arrays that we find, and ignore those arrays\n        // themselves.  (We never sort based on an array itself.)\n        var branches = expandArraysInBranches(spec.lookup(doc), true); // If there are no values for a key (eg, key goes to an empty array),\n        // pretend we found one undefined value.\n\n        if (!branches.length) {\n          branches = [{\n            value: void 0\n          }];\n        }\n\n        var element = Object.create(null);\n        var usedPaths = false;\n        branches.forEach(function (branch) {\n          if (!branch.arrayIndices) {\n            // If there are no array indices for a branch, then it must be the\n            // only branch, because the only thing that produces multiple branches\n            // is the use of arrays.\n            if (branches.length > 1) {\n              throw Error('multiple branches but no array used?');\n            }\n\n            element[''] = branch.value;\n            return;\n          }\n\n          usedPaths = true;\n          var path = pathFromIndices(branch.arrayIndices);\n\n          if (hasOwn.call(element, path)) {\n            throw Error(\"duplicate path: \" + path);\n          }\n\n          element[path] = branch.value; // If two sort fields both go into arrays, they have to go into the\n          // exact same arrays and we have to find the same paths.  This is\n          // roughly the same condition that makes MongoDB throw this strange\n          // error message.  eg, the main thing is that if sort spec is {a: 1,\n          // b:1} then a and b cannot both be arrays.\n          //\n          // (In MongoDB it seems to be OK to have {a: 1, 'a.x.y': 1} where 'a'\n          // and 'a.x.y' are both arrays, but we don't allow this for now.\n          // #NestedArraySort\n          // XXX achieve full compatibility here\n\n          if (knownPaths && !hasOwn.call(knownPaths, path)) {\n            throw Error('cannot index parallel arrays');\n          }\n        });\n\n        if (knownPaths) {\n          // Similarly to above, paths must match everywhere, unless this is a\n          // non-array field.\n          if (!hasOwn.call(element, '') && Object.keys(knownPaths).length !== Object.keys(element).length) {\n            throw Error('cannot index parallel arrays!');\n          }\n        } else if (usedPaths) {\n          knownPaths = {};\n          Object.keys(element).forEach(function (path) {\n            knownPaths[path] = true;\n          });\n        }\n\n        return element;\n      });\n\n      if (!knownPaths) {\n        // Easy case: no use of arrays.\n        var soleKey = valuesByIndexAndPath.map(function (values) {\n          if (!hasOwn.call(values, '')) {\n            throw Error('no value in sole key case?');\n          }\n\n          return values[''];\n        });\n        cb(soleKey);\n        return;\n      }\n\n      Object.keys(knownPaths).forEach(function (path) {\n        var key = valuesByIndexAndPath.map(function (values) {\n          if (hasOwn.call(values, '')) {\n            return values[''];\n          }\n\n          if (!hasOwn.call(values, path)) {\n            throw Error('missing path?');\n          }\n\n          return values[path];\n        });\n        cb(key);\n      });\n    }\n\n    return _generateKeysFromDoc;\n  }() // Returns a comparator that represents the sort specification (but not\n  // including a possible geoquery distance tie-breaker).\n  ;\n\n  _proto._getBaseComparator = function () {\n    function _getBaseComparator() {\n      var _this2 = this;\n\n      if (this._sortFunction) {\n        return this._sortFunction;\n      } // If we're only sorting on geoquery distance and no specs, just say\n      // everything is equal.\n\n\n      if (!this._sortSpecParts.length) {\n        return function (doc1, doc2) {\n          return 0;\n        };\n      }\n\n      return function (doc1, doc2) {\n        var key1 = _this2._getMinKeyFromDoc(doc1);\n\n        var key2 = _this2._getMinKeyFromDoc(doc2);\n\n        return _this2._compareKeys(key1, key2);\n      };\n    }\n\n    return _getBaseComparator;\n  }() // Finds the minimum key from the doc, according to the sort specs.  (We say\n  // \"minimum\" here but this is with respect to the sort spec, so \"descending\"\n  // sort fields mean we're finding the max for that field.)\n  //\n  // Note that this is NOT \"find the minimum value of the first field, the\n  // minimum value of the second field, etc\"... it's \"choose the\n  // lexicographically minimum value of the key vector, allowing only keys which\n  // you can find along the same paths\".  ie, for a doc {a: [{x: 0, y: 5}, {x:\n  // 1, y: 3}]} with sort spec {'a.x': 1, 'a.y': 1}, the only keys are [0,5] and\n  // [1,3], and the minimum key is [0,5]; notably, [0,3] is NOT a key.\n  ;\n\n  _proto._getMinKeyFromDoc = function () {\n    function _getMinKeyFromDoc(doc) {\n      var _this3 = this;\n\n      var minKey = null;\n\n      this._generateKeysFromDoc(doc, function (key) {\n        if (minKey === null) {\n          minKey = key;\n          return;\n        }\n\n        if (_this3._compareKeys(key, minKey) < 0) {\n          minKey = key;\n        }\n      });\n\n      return minKey;\n    }\n\n    return _getMinKeyFromDoc;\n  }();\n\n  _proto._getPaths = function () {\n    function _getPaths() {\n      return this._sortSpecParts.map(function (part) {\n        return part.path;\n      });\n    }\n\n    return _getPaths;\n  }() // Given an index 'i', returns a comparator that compares two key arrays based\n  // on field 'i'.\n  ;\n\n  _proto._keyFieldComparator = function () {\n    function _keyFieldComparator(i) {\n      var invert = !this._sortSpecParts[i].ascending;\n      return function (key1, key2) {\n        var compare = LocalCollection._f._cmp(key1[i], key2[i]);\n\n        return invert ? -compare : compare;\n      };\n    }\n\n    return _keyFieldComparator;\n  }();\n\n  return Sorter;\n}();\n\n// Given an array of comparators\n// (functions (a,b)->(negative or positive or zero)), returns a single\n// comparator which uses each comparator in order and returns the first\n// non-zero value.\nfunction composeComparators(comparatorArray) {\n  return function (a, b) {\n    for (var i = 0; i < comparatorArray.length; ++i) {\n      var compare = comparatorArray[i](a, b);\n\n      if (compare !== 0) {\n        return compare;\n      }\n    }\n\n    return 0;\n  };\n}","map":{"version":3,"sources":["packages/minimongo/sorter.js"],"names":["_typeof","module","link","default","v","export","Sorter","ELEMENT_OPERATORS","equalityElementMatcher","expandArraysInBranches","hasOwn","isOperatorObject","makeLookupFunction","regexpElementMatcher","spec","_sortSpecParts","_sortFunction","addSpecPart","path","ascending","Error","charAt","push","lookup","forSort","Array","forEach","element","Object","keys","key","JSON","stringify","affectedByModifier","selector","_selectorForAffectedByModifier","Minimongo","Matcher","_keyComparator","composeComparators","map","i","_keyFieldComparator","getComparator","options","length","distances","_getBaseComparator","a","b","has","_id","get","_compareKeys","key1","key2","_generateKeysFromDoc","doc","cb","pathFromIndices","indices","join","knownPaths","valuesByIndexAndPath","branches","value","create","usedPaths","branch","arrayIndices","call","soleKey","values","doc1","doc2","_getMinKeyFromDoc","minKey","_getPaths","part","invert","compare","LocalCollection","_f","_cmp","comparatorArray"],"mappings":"AAAA,IAAIA,OAAJ;;AAAYC,MAAM,CAACC,IAAP,CAAY,+BAAZ,EAA4C;AAACC,EAAAA,OAAO,EAAC,UAASC,CAAT,EAAW;AAACJ,IAAAA,OAAO,GAACI,CAAR;AAAU;AAA/B,CAA5C,EAA6E,CAA7E;AAAZH,MAAM,CAACI,MAAP,CAAc;AAAC,aAAQ,YAAU;AAAC,WAAOC,MAAP;AAAc;AAAlC,CAAd;AAAmD,IAAIC,iBAAJ,EAAsBC,sBAAtB,EAA6CC,sBAA7C,EAAoEC,MAApE,EAA2EC,gBAA3E,EAA4FC,kBAA5F,EAA+GC,oBAA/G;AAAoIZ,MAAM,CAACC,IAAP,CAAY,aAAZ,EAA0B;AAACK,EAAAA,iBAAiB,EAAC,UAASH,CAAT,EAAW;AAACG,IAAAA,iBAAiB,GAACH,CAAlB;AAAoB,GAAnD;AAAoDI,EAAAA,sBAAsB,EAAC,UAASJ,CAAT,EAAW;AAACI,IAAAA,sBAAsB,GAACJ,CAAvB;AAAyB,GAAhH;AAAiHK,EAAAA,sBAAsB,EAAC,UAASL,CAAT,EAAW;AAACK,IAAAA,sBAAsB,GAACL,CAAvB;AAAyB,GAA7K;AAA8KM,EAAAA,MAAM,EAAC,UAASN,CAAT,EAAW;AAACM,IAAAA,MAAM,GAACN,CAAP;AAAS,GAA1M;AAA2MO,EAAAA,gBAAgB,EAAC,UAASP,CAAT,EAAW;AAACO,IAAAA,gBAAgB,GAACP,CAAjB;AAAmB,GAA3P;AAA4PQ,EAAAA,kBAAkB,EAAC,UAASR,CAAT,EAAW;AAACQ,IAAAA,kBAAkB,GAACR,CAAnB;AAAqB,GAAhT;AAAiTS,EAAAA,oBAAoB,EAAC,UAAST,CAAT,EAAW;AAACS,IAAAA,oBAAoB,GAACT,CAArB;AAAuB;AAAzW,CAA1B,EAAqY,CAArY;;IAuBlKE,M;AACnB,kBAAYQ,IAAZ,EAAkB;AAAA;;AAChB,SAAKC,cAAL,GAAsB,EAAtB;AACA,SAAKC,aAAL,GAAqB,IAArB;;AAEA,QAAMC,WAAW,GAAG,UAACC,IAAD,EAAOC,SAAP,EAAqB;AACvC,UAAI,CAACD,IAAL,EAAW;AACT,cAAME,KAAK,CAAC,6BAAD,CAAX;AACD;;AAED,UAAIF,IAAI,CAACG,MAAL,CAAY,CAAZ,MAAmB,GAAvB,EAA4B;AAC1B,cAAMD,KAAK,4BAA0BF,IAA1B,CAAX;AACD;;AAED,MAAA,KAAI,CAACH,cAAL,CAAoBO,IAApB,CAAyB;AACvBH,QAAAA,SAAS,EAATA,SADuB;AAEvBI,QAAAA,MAAM,EAAEX,kBAAkB,CAACM,IAAD,EAAO;AAACM,UAAAA,OAAO,EAAE;AAAV,SAAP,CAFH;AAGvBN,QAAAA,IAAI,EAAJA;AAHuB,OAAzB;AAKD,KAdD;;AAgBA,QAAIJ,IAAI,YAAYW,KAApB,EAA2B;AACzBX,MAAAA,IAAI,CAACY,OAAL,CAAa,UAAAC,OAAO,EAAI;AACtB,YAAI,OAAOA,OAAP,KAAmB,QAAvB,EAAiC;AAC/BV,UAAAA,WAAW,CAACU,OAAD,EAAU,IAAV,CAAX;AACD,SAFD,MAEO;AACLV,UAAAA,WAAW,CAACU,OAAO,CAAC,CAAD,CAAR,EAAaA,OAAO,CAAC,CAAD,CAAP,KAAe,MAA5B,CAAX;AACD;AACF,OAND;AAOD,KARD,MAQO,IAAI,QAAOb,IAAP,MAAgB,QAApB,EAA8B;AACnCc,MAAAA,MAAM,CAACC,IAAP,CAAYf,IAAZ,EAAkBY,OAAlB,CAA0B,UAAAI,GAAG,EAAI;AAC/Bb,QAAAA,WAAW,CAACa,GAAD,EAAMhB,IAAI,CAACgB,GAAD,CAAJ,IAAa,CAAnB,CAAX;AACD,OAFD;AAGD,KAJM,MAIA,IAAI,OAAOhB,IAAP,KAAgB,UAApB,EAAgC;AACrC,WAAKE,aAAL,GAAqBF,IAArB;AACD,KAFM,MAEA;AACL,YAAMM,KAAK,8BAA4BW,IAAI,CAACC,SAAL,CAAelB,IAAf,CAA5B,CAAX;AACD,KApCe,CAsChB;;;AACA,QAAI,KAAKE,aAAT,EAAwB;AACtB;AACD,KAzCe,CA2ChB;AACA;AACA;AACA;;;AACA,QAAI,KAAKiB,kBAAT,EAA6B;AAC3B,UAAMC,QAAQ,GAAG,EAAjB;;AAEA,WAAKnB,cAAL,CAAoBW,OAApB,CAA4B,UAAAZ,IAAI,EAAI;AAClCoB,QAAAA,QAAQ,CAACpB,IAAI,CAACI,IAAN,CAAR,GAAsB,CAAtB;AACD,OAFD;;AAIA,WAAKiB,8BAAL,GAAsC,IAAIC,SAAS,CAACC,OAAd,CAAsBH,QAAtB,CAAtC;AACD;;AAED,SAAKI,cAAL,GAAsBC,kBAAkB,CACtC,KAAKxB,cAAL,CAAoByB,GAApB,CAAwB,UAAC1B,IAAD,EAAO2B,CAAP;AAAA,aAAa,KAAI,CAACC,mBAAL,CAAyBD,CAAzB,CAAb;AAAA,KAAxB,CADsC,CAAxC;AAGD;;;;SAEDE,a;AAAA,2BAAcC,OAAd,EAAuB;AACrB;AACA;AACA;AACA;AACA;AACA,UAAI,KAAK7B,cAAL,CAAoB8B,MAApB,IAA8B,CAACD,OAA/B,IAA0C,CAACA,OAAO,CAACE,SAAvD,EAAkE;AAChE,eAAO,KAAKC,kBAAL,EAAP;AACD;;AAED,UAAMD,SAAS,GAAGF,OAAO,CAACE,SAA1B,CAVqB,CAYrB;;AACA,aAAO,UAACE,CAAD,EAAIC,CAAJ,EAAU;AACf,YAAI,CAACH,SAAS,CAACI,GAAV,CAAcF,CAAC,CAACG,GAAhB,CAAL,EAA2B;AACzB,gBAAM/B,KAAK,2BAAyB4B,CAAC,CAACG,GAA3B,CAAX;AACD;;AAED,YAAI,CAACL,SAAS,CAACI,GAAV,CAAcD,CAAC,CAACE,GAAhB,CAAL,EAA2B;AACzB,gBAAM/B,KAAK,2BAAyB6B,CAAC,CAACE,GAA3B,CAAX;AACD;;AAED,eAAOL,SAAS,CAACM,GAAV,CAAcJ,CAAC,CAACG,GAAhB,IAAuBL,SAAS,CAACM,GAAV,CAAcH,CAAC,CAACE,GAAhB,CAA9B;AACD,OAVD;AAWD;;;MAED;AACA;AACA;;;SACAE,Y;AAAA,0BAAaC,IAAb,EAAmBC,IAAnB,EAAyB;AACvB,UAAID,IAAI,CAACT,MAAL,KAAgB,KAAK9B,cAAL,CAAoB8B,MAApC,IACAU,IAAI,CAACV,MAAL,KAAgB,KAAK9B,cAAL,CAAoB8B,MADxC,EACgD;AAC9C,cAAMzB,KAAK,CAAC,sBAAD,CAAX;AACD;;AAED,aAAO,KAAKkB,cAAL,CAAoBgB,IAApB,EAA0BC,IAA1B,CAAP;AACD;;;MAED;AACA;;;SACAC,oB;AAAA,kCAAqBC,GAArB,EAA0BC,EAA1B,EAA8B;AAC5B,UAAI,KAAK3C,cAAL,CAAoB8B,MAApB,KAA+B,CAAnC,EAAsC;AACpC,cAAM,IAAIzB,KAAJ,CAAU,qCAAV,CAAN;AACD;;AAED,UAAMuC,eAAe,GAAG,UAAAC,OAAO;AAAA,eAAOA,OAAO,CAACC,IAAR,CAAa,GAAb,CAAP;AAAA,OAA/B;;AAEA,UAAIC,UAAU,GAAG,IAAjB,CAP4B,CAS5B;;AACA,UAAMC,oBAAoB,GAAG,KAAKhD,cAAL,CAAoByB,GAApB,CAAwB,UAAA1B,IAAI,EAAI;AAC3D;AACA;AACA,YAAIkD,QAAQ,GAAGvD,sBAAsB,CAACK,IAAI,CAACS,MAAL,CAAYkC,GAAZ,CAAD,EAAmB,IAAnB,CAArC,CAH2D,CAK3D;AACA;;AACA,YAAI,CAACO,QAAQ,CAACnB,MAAd,EAAsB;AACpBmB,UAAAA,QAAQ,GAAG,CAAC;AAAEC,YAAAA,KAAK,EAAE,KAAK;AAAd,WAAD,CAAX;AACD;;AAED,YAAMtC,OAAO,GAAGC,MAAM,CAACsC,MAAP,CAAc,IAAd,CAAhB;AACA,YAAIC,SAAS,GAAG,KAAhB;AAEAH,QAAAA,QAAQ,CAACtC,OAAT,CAAiB,UAAA0C,MAAM,EAAI;AACzB,cAAI,CAACA,MAAM,CAACC,YAAZ,EAA0B;AACxB;AACA;AACA;AACA,gBAAIL,QAAQ,CAACnB,MAAT,GAAkB,CAAtB,EAAyB;AACvB,oBAAMzB,KAAK,CAAC,sCAAD,CAAX;AACD;;AAEDO,YAAAA,OAAO,CAAC,EAAD,CAAP,GAAcyC,MAAM,CAACH,KAArB;AACA;AACD;;AAEDE,UAAAA,SAAS,GAAG,IAAZ;AAEA,cAAMjD,IAAI,GAAGyC,eAAe,CAACS,MAAM,CAACC,YAAR,CAA5B;;AAEA,cAAI3D,MAAM,CAAC4D,IAAP,CAAY3C,OAAZ,EAAqBT,IAArB,CAAJ,EAAgC;AAC9B,kBAAME,KAAK,sBAAoBF,IAApB,CAAX;AACD;;AAEDS,UAAAA,OAAO,CAACT,IAAD,CAAP,GAAgBkD,MAAM,CAACH,KAAvB,CArByB,CAuBzB;AACA;AACA;AACA;AACA;AACA;AACA;AACA;AACA;AACA;;AACA,cAAIH,UAAU,IAAI,CAACpD,MAAM,CAAC4D,IAAP,CAAYR,UAAZ,EAAwB5C,IAAxB,CAAnB,EAAkD;AAChD,kBAAME,KAAK,CAAC,8BAAD,CAAX;AACD;AACF,SApCD;;AAsCA,YAAI0C,UAAJ,EAAgB;AACd;AACA;AACA,cAAI,CAACpD,MAAM,CAAC4D,IAAP,CAAY3C,OAAZ,EAAqB,EAArB,CAAD,IACAC,MAAM,CAACC,IAAP,CAAYiC,UAAZ,EAAwBjB,MAAxB,KAAmCjB,MAAM,CAACC,IAAP,CAAYF,OAAZ,EAAqBkB,MAD5D,EACoE;AAClE,kBAAMzB,KAAK,CAAC,+BAAD,CAAX;AACD;AACF,SAPD,MAOO,IAAI+C,SAAJ,EAAe;AACpBL,UAAAA,UAAU,GAAG,EAAb;AAEAlC,UAAAA,MAAM,CAACC,IAAP,CAAYF,OAAZ,EAAqBD,OAArB,CAA6B,UAAAR,IAAI,EAAI;AACnC4C,YAAAA,UAAU,CAAC5C,IAAD,CAAV,GAAmB,IAAnB;AACD,WAFD;AAGD;;AAED,eAAOS,OAAP;AACD,OApE4B,CAA7B;;AAsEA,UAAI,CAACmC,UAAL,EAAiB;AACf;AACA,YAAMS,OAAO,GAAGR,oBAAoB,CAACvB,GAArB,CAAyB,UAAAgC,MAAM,EAAI;AACjD,cAAI,CAAC9D,MAAM,CAAC4D,IAAP,CAAYE,MAAZ,EAAoB,EAApB,CAAL,EAA8B;AAC5B,kBAAMpD,KAAK,CAAC,4BAAD,CAAX;AACD;;AAED,iBAAOoD,MAAM,CAAC,EAAD,CAAb;AACD,SANe,CAAhB;AAQAd,QAAAA,EAAE,CAACa,OAAD,CAAF;AAEA;AACD;;AAED3C,MAAAA,MAAM,CAACC,IAAP,CAAYiC,UAAZ,EAAwBpC,OAAxB,CAAgC,UAAAR,IAAI,EAAI;AACtC,YAAMY,GAAG,GAAGiC,oBAAoB,CAACvB,GAArB,CAAyB,UAAAgC,MAAM,EAAI;AAC7C,cAAI9D,MAAM,CAAC4D,IAAP,CAAYE,MAAZ,EAAoB,EAApB,CAAJ,EAA6B;AAC3B,mBAAOA,MAAM,CAAC,EAAD,CAAb;AACD;;AAED,cAAI,CAAC9D,MAAM,CAAC4D,IAAP,CAAYE,MAAZ,EAAoBtD,IAApB,CAAL,EAAgC;AAC9B,kBAAME,KAAK,CAAC,eAAD,CAAX;AACD;;AAED,iBAAOoD,MAAM,CAACtD,IAAD,CAAb;AACD,SAVW,CAAZ;AAYAwC,QAAAA,EAAE,CAAC5B,GAAD,CAAF;AACD,OAdD;AAeD;;;MAED;AACA;;;SACAiB,kB;AAAA,kCAAqB;AAAA;;AACnB,UAAI,KAAK/B,aAAT,EAAwB;AACtB,eAAO,KAAKA,aAAZ;AACD,OAHkB,CAKnB;AACA;;;AACA,UAAI,CAAC,KAAKD,cAAL,CAAoB8B,MAAzB,EAAiC;AAC/B,eAAO,UAAC4B,IAAD,EAAOC,IAAP;AAAA,iBAAgB,CAAhB;AAAA,SAAP;AACD;;AAED,aAAO,UAACD,IAAD,EAAOC,IAAP,EAAgB;AACrB,YAAMpB,IAAI,GAAG,MAAI,CAACqB,iBAAL,CAAuBF,IAAvB,CAAb;;AACA,YAAMlB,IAAI,GAAG,MAAI,CAACoB,iBAAL,CAAuBD,IAAvB,CAAb;;AACA,eAAO,MAAI,CAACrB,YAAL,CAAkBC,IAAlB,EAAwBC,IAAxB,CAAP;AACD,OAJD;AAKD;;;MAED;AACA;AACA;AACA;AACA;AACA;AACA;AACA;AACA;AACA;;;SACAoB,iB;AAAA,+BAAkBlB,GAAlB,EAAuB;AAAA;;AACrB,UAAImB,MAAM,GAAG,IAAb;;AAEA,WAAKpB,oBAAL,CAA0BC,GAA1B,EAA+B,UAAA3B,GAAG,EAAI;AACpC,YAAI8C,MAAM,KAAK,IAAf,EAAqB;AACnBA,UAAAA,MAAM,GAAG9C,GAAT;AACA;AACD;;AAED,YAAI,MAAI,CAACuB,YAAL,CAAkBvB,GAAlB,EAAuB8C,MAAvB,IAAiC,CAArC,EAAwC;AACtCA,UAAAA,MAAM,GAAG9C,GAAT;AACD;AACF,OATD;;AAWA,aAAO8C,MAAP;AACD;;;;;SAEDC,S;AAAA,yBAAY;AACV,aAAO,KAAK9D,cAAL,CAAoByB,GAApB,CAAwB,UAAAsC,IAAI;AAAA,eAAIA,IAAI,CAAC5D,IAAT;AAAA,OAA5B,CAAP;AACD;;;MAED;AACA;;;SACAwB,mB;AAAA,iCAAoBD,CAApB,EAAuB;AACrB,UAAMsC,MAAM,GAAG,CAAC,KAAKhE,cAAL,CAAoB0B,CAApB,EAAuBtB,SAAvC;AAEA,aAAO,UAACmC,IAAD,EAAOC,IAAP,EAAgB;AACrB,YAAMyB,OAAO,GAAGC,eAAe,CAACC,EAAhB,CAAmBC,IAAnB,CAAwB7B,IAAI,CAACb,CAAD,CAA5B,EAAiCc,IAAI,CAACd,CAAD,CAArC,CAAhB;;AACA,eAAOsC,MAAM,GAAG,CAACC,OAAJ,GAAcA,OAA3B;AACD,OAHD;AAID;;;;;;;;AAGH;AACA;AACA;AACA;AACA,SAASzC,kBAAT,CAA4B6C,eAA5B,EAA6C;AAC3C,SAAO,UAACpC,CAAD,EAAIC,CAAJ,EAAU;AACf,SAAK,IAAIR,CAAC,GAAG,CAAb,EAAgBA,CAAC,GAAG2C,eAAe,CAACvC,MAApC,EAA4C,EAAEJ,CAA9C,EAAiD;AAC/C,UAAMuC,OAAO,GAAGI,eAAe,CAAC3C,CAAD,CAAf,CAAmBO,CAAnB,EAAsBC,CAAtB,CAAhB;;AACA,UAAI+B,OAAO,KAAK,CAAhB,EAAmB;AACjB,eAAOA,OAAP;AACD;AACF;;AAED,WAAO,CAAP;AACD,GATD;AAUD","sourcesContent":["import {\n  ELEMENT_OPERATORS,\n  equalityElementMatcher,\n  expandArraysInBranches,\n  hasOwn,\n  isOperatorObject,\n  makeLookupFunction,\n  regexpElementMatcher,\n} from './common.js';\n\n// Give a sort spec, which can be in any of these forms:\n//   {\"key1\": 1, \"key2\": -1}\n//   [[\"key1\", \"asc\"], [\"key2\", \"desc\"]]\n//   [\"key1\", [\"key2\", \"desc\"]]\n//\n// (.. with the first form being dependent on the key enumeration\n// behavior of your javascript VM, which usually does what you mean in\n// this case if the key names don't look like integers ..)\n//\n// return a function that takes two objects, and returns -1 if the\n// first object comes first in order, 1 if the second object comes\n// first, or 0 if neither object comes before the other.\n\nexport default class Sorter {\n  constructor(spec) {\n    this._sortSpecParts = [];\n    this._sortFunction = null;\n\n    const addSpecPart = (path, ascending) => {\n      if (!path) {\n        throw Error('sort keys must be non-empty');\n      }\n\n      if (path.charAt(0) === '$') {\n        throw Error(`unsupported sort key: ${path}`);\n      }\n\n      this._sortSpecParts.push({\n        ascending,\n        lookup: makeLookupFunction(path, {forSort: true}),\n        path\n      });\n    };\n\n    if (spec instanceof Array) {\n      spec.forEach(element => {\n        if (typeof element === 'string') {\n          addSpecPart(element, true);\n        } else {\n          addSpecPart(element[0], element[1] !== 'desc');\n        }\n      });\n    } else if (typeof spec === 'object') {\n      Object.keys(spec).forEach(key => {\n        addSpecPart(key, spec[key] >= 0);\n      });\n    } else if (typeof spec === 'function') {\n      this._sortFunction = spec;\n    } else {\n      throw Error(`Bad sort specification: ${JSON.stringify(spec)}`);\n    }\n\n    // If a function is specified for sorting, we skip the rest.\n    if (this._sortFunction) {\n      return;\n    }\n\n    // To implement affectedByModifier, we piggy-back on top of Matcher's\n    // affectedByModifier code; we create a selector that is affected by the\n    // same modifiers as this sort order. This is only implemented on the\n    // server.\n    if (this.affectedByModifier) {\n      const selector = {};\n\n      this._sortSpecParts.forEach(spec => {\n        selector[spec.path] = 1;\n      });\n\n      this._selectorForAffectedByModifier = new Minimongo.Matcher(selector);\n    }\n\n    this._keyComparator = composeComparators(\n      this._sortSpecParts.map((spec, i) => this._keyFieldComparator(i))\n    );\n  }\n\n  getComparator(options) {\n    // If sort is specified or have no distances, just use the comparator from\n    // the source specification (which defaults to \"everything is equal\".\n    // issue #3599\n    // https://docs.mongodb.com/manual/reference/operator/query/near/#sort-operation\n    // sort effectively overrides $near\n    if (this._sortSpecParts.length || !options || !options.distances) {\n      return this._getBaseComparator();\n    }\n\n    const distances = options.distances;\n\n    // Return a comparator which compares using $near distances.\n    return (a, b) => {\n      if (!distances.has(a._id)) {\n        throw Error(`Missing distance for ${a._id}`);\n      }\n\n      if (!distances.has(b._id)) {\n        throw Error(`Missing distance for ${b._id}`);\n      }\n\n      return distances.get(a._id) - distances.get(b._id);\n    };\n  }\n\n  // Takes in two keys: arrays whose lengths match the number of spec\n  // parts. Returns negative, 0, or positive based on using the sort spec to\n  // compare fields.\n  _compareKeys(key1, key2) {\n    if (key1.length !== this._sortSpecParts.length ||\n        key2.length !== this._sortSpecParts.length) {\n      throw Error('Key has wrong length');\n    }\n\n    return this._keyComparator(key1, key2);\n  }\n\n  // Iterates over each possible \"key\" from doc (ie, over each branch), calling\n  // 'cb' with the key.\n  _generateKeysFromDoc(doc, cb) {\n    if (this._sortSpecParts.length === 0) {\n      throw new Error('can\\'t generate keys without a spec');\n    }\n\n    const pathFromIndices = indices => `${indices.join(',')},`;\n\n    let knownPaths = null;\n\n    // maps index -> ({'' -> value} or {path -> value})\n    const valuesByIndexAndPath = this._sortSpecParts.map(spec => {\n      // Expand any leaf arrays that we find, and ignore those arrays\n      // themselves.  (We never sort based on an array itself.)\n      let branches = expandArraysInBranches(spec.lookup(doc), true);\n\n      // If there are no values for a key (eg, key goes to an empty array),\n      // pretend we found one undefined value.\n      if (!branches.length) {\n        branches = [{ value: void 0 }];\n      }\n\n      const element = Object.create(null);\n      let usedPaths = false;\n\n      branches.forEach(branch => {\n        if (!branch.arrayIndices) {\n          // If there are no array indices for a branch, then it must be the\n          // only branch, because the only thing that produces multiple branches\n          // is the use of arrays.\n          if (branches.length > 1) {\n            throw Error('multiple branches but no array used?');\n          }\n\n          element[''] = branch.value;\n          return;\n        }\n\n        usedPaths = true;\n\n        const path = pathFromIndices(branch.arrayIndices);\n\n        if (hasOwn.call(element, path)) {\n          throw Error(`duplicate path: ${path}`);\n        }\n\n        element[path] = branch.value;\n\n        // If two sort fields both go into arrays, they have to go into the\n        // exact same arrays and we have to find the same paths.  This is\n        // roughly the same condition that makes MongoDB throw this strange\n        // error message.  eg, the main thing is that if sort spec is {a: 1,\n        // b:1} then a and b cannot both be arrays.\n        //\n        // (In MongoDB it seems to be OK to have {a: 1, 'a.x.y': 1} where 'a'\n        // and 'a.x.y' are both arrays, but we don't allow this for now.\n        // #NestedArraySort\n        // XXX achieve full compatibility here\n        if (knownPaths && !hasOwn.call(knownPaths, path)) {\n          throw Error('cannot index parallel arrays');\n        }\n      });\n\n      if (knownPaths) {\n        // Similarly to above, paths must match everywhere, unless this is a\n        // non-array field.\n        if (!hasOwn.call(element, '') &&\n            Object.keys(knownPaths).length !== Object.keys(element).length) {\n          throw Error('cannot index parallel arrays!');\n        }\n      } else if (usedPaths) {\n        knownPaths = {};\n\n        Object.keys(element).forEach(path => {\n          knownPaths[path] = true;\n        });\n      }\n\n      return element;\n    });\n\n    if (!knownPaths) {\n      // Easy case: no use of arrays.\n      const soleKey = valuesByIndexAndPath.map(values => {\n        if (!hasOwn.call(values, '')) {\n          throw Error('no value in sole key case?');\n        }\n\n        return values[''];\n      });\n\n      cb(soleKey);\n\n      return;\n    }\n\n    Object.keys(knownPaths).forEach(path => {\n      const key = valuesByIndexAndPath.map(values => {\n        if (hasOwn.call(values, '')) {\n          return values[''];\n        }\n\n        if (!hasOwn.call(values, path)) {\n          throw Error('missing path?');\n        }\n\n        return values[path];\n      });\n\n      cb(key);\n    });\n  }\n\n  // Returns a comparator that represents the sort specification (but not\n  // including a possible geoquery distance tie-breaker).\n  _getBaseComparator() {\n    if (this._sortFunction) {\n      return this._sortFunction;\n    }\n\n    // If we're only sorting on geoquery distance and no specs, just say\n    // everything is equal.\n    if (!this._sortSpecParts.length) {\n      return (doc1, doc2) => 0;\n    }\n\n    return (doc1, doc2) => {\n      const key1 = this._getMinKeyFromDoc(doc1);\n      const key2 = this._getMinKeyFromDoc(doc2);\n      return this._compareKeys(key1, key2);\n    };\n  }\n\n  // Finds the minimum key from the doc, according to the sort specs.  (We say\n  // \"minimum\" here but this is with respect to the sort spec, so \"descending\"\n  // sort fields mean we're finding the max for that field.)\n  //\n  // Note that this is NOT \"find the minimum value of the first field, the\n  // minimum value of the second field, etc\"... it's \"choose the\n  // lexicographically minimum value of the key vector, allowing only keys which\n  // you can find along the same paths\".  ie, for a doc {a: [{x: 0, y: 5}, {x:\n  // 1, y: 3}]} with sort spec {'a.x': 1, 'a.y': 1}, the only keys are [0,5] and\n  // [1,3], and the minimum key is [0,5]; notably, [0,3] is NOT a key.\n  _getMinKeyFromDoc(doc) {\n    let minKey = null;\n\n    this._generateKeysFromDoc(doc, key => {\n      if (minKey === null) {\n        minKey = key;\n        return;\n      }\n\n      if (this._compareKeys(key, minKey) < 0) {\n        minKey = key;\n      }\n    });\n\n    return minKey;\n  }\n\n  _getPaths() {\n    return this._sortSpecParts.map(part => part.path);\n  }\n\n  // Given an index 'i', returns a comparator that compares two key arrays based\n  // on field 'i'.\n  _keyFieldComparator(i) {\n    const invert = !this._sortSpecParts[i].ascending;\n\n    return (key1, key2) => {\n      const compare = LocalCollection._f._cmp(key1[i], key2[i]);\n      return invert ? -compare : compare;\n    };\n  }\n}\n\n// Given an array of comparators\n// (functions (a,b)->(negative or positive or zero)), returns a single\n// comparator which uses each comparator in order and returns the first\n// non-zero value.\nfunction composeComparators(comparatorArray) {\n  return (a, b) => {\n    for (let i = 0; i < comparatorArray.length; ++i) {\n      const compare = comparatorArray[i](a, b);\n      if (compare !== 0) {\n        return compare;\n      }\n    }\n\n    return 0;\n  };\n}\n"]},"sourceType":"module","hash":"40bf42e337c34ba2b94f5b5c00133c74e4542e0a"}
