{"metadata":{},"options":{"compact":false,"sourceMaps":true,"ast":true,"babelrc":false,"configFile":false,"parserOpts":{"sourceType":"module","sourceFileName":"/home/leeaus/FinalExam/FinalAssign/client/packages/random/BrowserRandomGenerator.js","plugins":["*","flow","jsx","asyncGenerators","bigInt","classPrivateMethods","classPrivateProperties","classProperties","doExpressions","dynamicImport","exportDefaultFrom","exportExtensions","exportNamespaceFrom","functionBind","functionSent","importMeta","nullishCoalescingOperator","numericSeparator","objectRestSpread","optionalCatchBinding","optionalChaining",["pipelineOperator",{"proposal":"minimal"}],"throwExpressions","classProperties","classPrivateProperties","jsx","nullishCoalescingOperator","nullishCoalescingOperator","optionalChaining","optionalChaining","optionalCatchBinding","optionalCatchBinding","classProperties","classPrivateProperties","classPrivateMethods","classProperties","classPrivateProperties","asyncGenerators","asyncGenerators","objectRestSpread","objectRestSpread"],"allowImportExportEverywhere":true,"allowReturnOutsideFunction":true,"allowUndeclaredExports":true,"strictMode":false},"caller":{"name":"meteor","arch":"web.browser.legacy"},"sourceFileName":"packages/random/BrowserRandomGenerator.js","filename":"/home/leeaus/FinalExam/FinalAssign/client/packages/random/BrowserRandomGenerator.js","passPerPreset":false,"envName":"development","cwd":"/home/leeaus/FinalExam/FinalAssign/client","root":"/home/leeaus/FinalExam/FinalAssign/client","plugins":[{"key":"base$0","visitor":{"_exploded":true,"_verified":true},"options":{}},{"key":"base$0$0","visitor":{"Program":{"enter":[null],"exit":[null]},"_exploded":true,"_verified":true},"options":{"avoidModernSyntax":true,"enforceStrictMode":false,"dynamicImport":true}},{"key":"transform-runtime","visitor":{"CallExpression":{"enter":[null]},"BinaryExpression":{"enter":[null]},"MemberExpression":{"enter":[null],"exit":[null]},"_exploded":true,"_verified":true,"Identifier":{"enter":[null]},"JSXIdentifier":{"enter":[null]}},"options":{"version":"7.9.2","helpers":true,"useESModules":false,"corejs":false}},{"key":"proposal-class-properties","visitor":{"PrivateName":{"enter":[null]},"ExportDefaultDeclaration":{"enter":[null]},"_exploded":true,"_verified":true,"ClassExpression":{"enter":[null]},"ClassDeclaration":{"enter":[null]}},"options":{"loose":true}},{"key":"base$0$3","visitor":{"FunctionExpression":{"exit":[null]},"_exploded":true,"_verified":true},"options":{}},{"key":"base$0$4","visitor":{"ForInStatement":{"enter":[null]},"_exploded":true,"_verified":true},"options":{}},{"key":"transform-react-jsx","visitor":{"_exploded":{},"_verified":{},"JSXNamespacedName":{"enter":[null]},"JSXSpreadChild":{"enter":[null]},"JSXElement":{"exit":[null]},"JSXFragment":{"exit":[null]},"Program":{"enter":[null],"exit":[null]},"JSXAttribute":{"enter":[null]}},"options":{"pragma":"React.createElement","pragmaFrag":"React.Fragment","runtime":"classic","throwIfNamespace":true,"useBuiltIns":false}},{"key":"transform-react-display-name","visitor":{"ExportDefaultDeclaration":{"enter":[null]},"CallExpression":{"enter":[null]},"_exploded":true,"_verified":true},"options":{}},{"key":"syntax-nullish-coalescing-operator","visitor":{"_exploded":true,"_verified":true},"options":{}},{"key":"proposal-nullish-coalescing-operator","visitor":{"_exploded":{},"_verified":{},"LogicalExpression":{"enter":[null]}},"options":{}},{"key":"syntax-optional-chaining","visitor":{"_exploded":true,"_verified":true},"options":{}},{"key":"proposal-optional-chaining","visitor":{"_exploded":{},"_verified":{},"OptionalCallExpression":{"enter":[null]},"OptionalMemberExpression":{"enter":[null]}},"options":{}},{"key":"syntax-optional-catch-binding","visitor":{"_exploded":true,"_verified":true},"options":{}},{"key":"proposal-optional-catch-binding","visitor":{"_exploded":{},"_verified":{},"CatchClause":{"enter":[null]}},"options":{}},{"key":"syntax-class-properties","visitor":{"_exploded":true,"_verified":true},"options":{}},{"key":"proposal-class-properties","visitor":{"PrivateName":{"enter":[null]},"ExportDefaultDeclaration":{"enter":[null]},"_exploded":true,"_verified":true,"ClassExpression":{"enter":[null]},"ClassDeclaration":{"enter":[null]}},"options":{}},{"key":"syntax-async-generators","visitor":{"_exploded":true,"_verified":true},"options":{}},{"key":"proposal-async-generator-functions","visitor":{"_exploded":{},"_verified":{},"Program":{"enter":[null]}},"options":{}},{"key":"syntax-object-rest-spread","visitor":{"_exploded":true,"_verified":true},"options":{}},{"key":"proposal-object-rest-spread","visitor":{"_exploded":{},"_verified":{},"VariableDeclarator":{"enter":[null]},"ExportNamedDeclaration":{"enter":[null]},"CatchClause":{"enter":[null]},"AssignmentExpression":{"enter":[null]},"ArrayPattern":{"enter":[null]},"ObjectExpression":{"enter":[null]},"FunctionDeclaration":{"enter":[null]},"FunctionExpression":{"enter":[null]},"ObjectMethod":{"enter":[null]},"ArrowFunctionExpression":{"enter":[null]},"ClassMethod":{"enter":[null]},"ClassPrivateMethod":{"enter":[null]},"ForInStatement":{"enter":[null]},"ForOfStatement":{"enter":[null]}},"options":{}},{"key":"transform-arrow-functions","visitor":{"ArrowFunctionExpression":{"enter":[null]},"_exploded":true,"_verified":true},"options":{}},{"key":"transform-block-scoped-functions","visitor":{"BlockStatement":{"enter":[null]},"SwitchCase":{"enter":[null]},"_exploded":true,"_verified":true},"options":{}},{"key":"transform-block-scoping","visitor":{"VariableDeclaration":{"enter":[null]},"CatchClause":{"enter":[null]},"_exploded":true,"BlockStatement":{"enter":[null]},"SwitchStatement":{"enter":[null]},"Program":{"enter":[null]},"_verified":true,"DoWhileStatement":{"enter":[null]},"ForInStatement":{"enter":[null]},"ForStatement":{"enter":[null]},"WhileStatement":{"enter":[null]},"ForOfStatement":{"enter":[null]}},"options":{}},{"key":"transform-classes","visitor":{"ExportDefaultDeclaration":{"enter":[null]},"ClassDeclaration":{"enter":[null]},"ClassExpression":{"enter":[null]},"_exploded":true,"_verified":true},"options":{"loose":true}},{"key":"transform-computed-properties","visitor":{"ObjectExpression":{"exit":[null]},"_exploded":true,"_verified":true},"options":{"loose":true}},{"key":"transform-destructuring","visitor":{"ExportNamedDeclaration":{"enter":[null]},"CatchClause":{"enter":[null]},"AssignmentExpression":{"enter":[null]},"VariableDeclaration":{"enter":[null]},"_exploded":true,"_verified":true,"ForInStatement":{"enter":[null]},"ForOfStatement":{"enter":[null]}},"options":{}},{"key":"transform-for-of","visitor":{"ForOfStatement":{"enter":[null]},"_exploded":true,"_verified":true},"options":{"loose":true}},{"key":"transform-literals","visitor":{"NumericLiteral":{"enter":[null]},"StringLiteral":{"enter":[null]},"_exploded":true,"_verified":true},"options":{}},{"key":"transform-object-super","visitor":{"ObjectExpression":{"enter":[null]},"_exploded":true,"_verified":true},"options":{}},{"key":"transform-parameters","visitor":{"_exploded":true,"_verified":true,"FunctionDeclaration":{"enter":[null]},"FunctionExpression":{"enter":[null]},"ObjectMethod":{"enter":[null]},"ArrowFunctionExpression":{"enter":[null]},"ClassMethod":{"enter":[null]},"ClassPrivateMethod":{"enter":[null]}},"options":{}},{"key":"transform-shorthand-properties","visitor":{"ObjectMethod":{"enter":[null]},"ObjectProperty":{"enter":[null]},"_exploded":true,"_verified":true},"options":{}},{"key":"transform-spread","visitor":{"ArrayExpression":{"enter":[null]},"CallExpression":{"enter":[null]},"NewExpression":{"enter":[null]},"_exploded":true,"_verified":true},"options":{}},{"key":"transform-sticky-regex","visitor":{"RegExpLiteral":{"enter":[null]},"_exploded":true,"_verified":true},"options":{}},{"key":"transform-template-literals","visitor":{"TaggedTemplateExpression":{"enter":[null]},"TemplateLiteral":{"enter":[null]},"_exploded":true,"_verified":true},"options":{"loose":true}},{"key":"transform-typeof-symbol","visitor":{"UnaryExpression":{"enter":[null]},"_exploded":true,"_verified":true,"BlockStatement":{"enter":[null]},"CatchClause":{"enter":[null]},"DoWhileStatement":{"enter":[null]},"ForInStatement":{"enter":[null]},"ForStatement":{"enter":[null]},"FunctionDeclaration":{"enter":[null]},"FunctionExpression":{"enter":[null]},"Program":{"enter":[null]},"ObjectMethod":{"enter":[null]},"SwitchStatement":{"enter":[null]},"WhileStatement":{"enter":[null]},"ArrowFunctionExpression":{"enter":[null]},"ClassExpression":{"enter":[null]},"ClassDeclaration":{"enter":[null]},"ForOfStatement":{"enter":[null]},"ClassMethod":{"enter":[null]},"ClassPrivateMethod":{"enter":[null]},"TSModuleBlock":{"enter":[null]},"AssignmentPattern":{"enter":[null]},"ArrayPattern":{"enter":[null]},"ObjectPattern":{"enter":[null]}},"options":{}},{"key":"transform-unicode-regex","visitor":{"RegExpLiteral":{"enter":[null]},"_exploded":true,"_verified":true},"options":{}},{"key":"transform-property-literals","visitor":{"ObjectProperty":{"exit":[null]},"_exploded":true,"_verified":true},"options":{}},{"key":"transform-exponentiation-operator","visitor":{"AssignmentExpression":{"enter":[null]},"BinaryExpression":{"enter":[null]},"_exploded":true,"_verified":true},"options":{}},{"key":"regenerator-transform","visitor":{"_exploded":true,"_verified":true,"ObjectMethod":{"enter":[null],"exit":[null]},"ClassMethod":{"enter":[null],"exit":[null]},"ClassPrivateMethod":{"enter":[null],"exit":[null]},"FunctionDeclaration":{"exit":[null]},"FunctionExpression":{"exit":[null]},"ArrowFunctionExpression":{"exit":[null]}},"options":{}}],"presets":[],"generatorOpts":{"filename":"/home/leeaus/FinalExam/FinalAssign/client/packages/random/BrowserRandomGenerator.js","comments":true,"compact":false,"sourceMaps":true,"sourceFileName":"packages/random/BrowserRandomGenerator.js"}},"code":"var _createSuper;\n\nmodule.link(\"@babel/runtime/helpers/createSuper\", {\n  default: function (v) {\n    _createSuper = v;\n  }\n}, 0);\n\nvar _inheritsLoose;\n\nmodule.link(\"@babel/runtime/helpers/inheritsLoose\", {\n  default: function (v) {\n    _inheritsLoose = v;\n  }\n}, 1);\nmodule.export({\n  \"default\": function () {\n    return BrowserRandomGenerator;\n  }\n});\nvar RandomGenerator;\nmodule.link(\"./AbstractRandomGenerator\", {\n  \"default\": function (v) {\n    RandomGenerator = v;\n  }\n}, 0);\n\nvar BrowserRandomGenerator = /*#__PURE__*/function (_RandomGenerator) {\n  _inheritsLoose(BrowserRandomGenerator, _RandomGenerator);\n\n  var _super = _createSuper(BrowserRandomGenerator);\n\n  function BrowserRandomGenerator() {\n    return _RandomGenerator.apply(this, arguments) || this;\n  }\n\n  var _proto = BrowserRandomGenerator.prototype;\n\n  /**\n   * @name Random.fraction\n   * @summary Return a number between 0 and 1, like `Math.random`.\n   * @locus Anywhere\n   */\n  _proto.fraction = function () {\n    function fraction() {\n      var array = new Uint32Array(1);\n      window.crypto.getRandomValues(array);\n      return array[0] * 2.3283064365386963e-10; // 2^-32\n    }\n\n    return fraction;\n  }();\n\n  return BrowserRandomGenerator;\n}(RandomGenerator);","map":{"version":3,"sources":["packages/random/BrowserRandomGenerator.js"],"names":["_createSuper","module","link","default","v","_inheritsLoose","export","BrowserRandomGenerator","RandomGenerator","fraction","array","Uint32Array","window","crypto","getRandomValues"],"mappings":"AAAA,IAAIA,YAAJ;;AAAiBC,MAAM,CAACC,IAAP,CAAY,oCAAZ,EAAiD;AAACC,EAAAA,OAAO,EAAC,UAASC,CAAT,EAAW;AAACJ,IAAAA,YAAY,GAACI,CAAb;AAAe;AAApC,CAAjD,EAAuF,CAAvF;;AAA0F,IAAIC,cAAJ;;AAAmBJ,MAAM,CAACC,IAAP,CAAY,sCAAZ,EAAmD;AAACC,EAAAA,OAAO,EAAC,UAASC,CAAT,EAAW;AAACC,IAAAA,cAAc,GAACD,CAAf;AAAiB;AAAtC,CAAnD,EAA2F,CAA3F;AAA9HH,MAAM,CAACK,MAAP,CAAc;AAAC,aAAQ,YAAU;AAAC,WAAOC,sBAAP;AAA8B;AAAlD,CAAd;AAAmE,IAAIC,eAAJ;AAAoBP,MAAM,CAACC,IAAP,CAAY,2BAAZ,EAAwC;AAAC,aAAQ,UAASE,CAAT,EAAW;AAACI,IAAAA,eAAe,GAACJ,CAAhB;AAAkB;AAAvC,CAAxC,EAAiF,CAAjF;;IAGlEG,sB;;;;;;;;;;;AACnB;;;;;SAKAE,Q;AAAA,wBAAY;AACV,UAAMC,KAAK,GAAG,IAAIC,WAAJ,CAAgB,CAAhB,CAAd;AACAC,MAAAA,MAAM,CAACC,MAAP,CAAcC,eAAd,CAA8BJ,KAA9B;AACA,aAAOA,KAAK,CAAC,CAAD,CAAL,GAAW,sBAAlB,CAHU,CAGgC;AAC3C;;;;;;EAViDF,e","sourcesContent":["import RandomGenerator from './AbstractRandomGenerator';\n\n// cryptographically strong PRNGs available in modern browsers\nexport default class BrowserRandomGenerator extends RandomGenerator {\n  /**\n   * @name Random.fraction\n   * @summary Return a number between 0 and 1, like `Math.random`.\n   * @locus Anywhere\n   */\n  fraction () {\n    const array = new Uint32Array(1);\n    window.crypto.getRandomValues(array);\n    return array[0] * 2.3283064365386963e-10; // 2^-32\n  }\n}\n"]},"sourceType":"module","hash":"5e50b225c49d467170430c2952720cd7bfc03cdf"}
