{"metadata":{},"options":{"compact":false,"sourceMaps":true,"ast":true,"babelrc":false,"configFile":false,"parserOpts":{"sourceType":"module","sourceFileName":"/home/leeaus/FinalExam/FinalAssign/client/client/main.js","plugins":["*","flow","jsx","asyncGenerators","bigInt","classPrivateMethods","classPrivateProperties","classProperties","doExpressions","dynamicImport","exportDefaultFrom","exportExtensions","exportNamespaceFrom","functionBind","functionSent","importMeta","nullishCoalescingOperator","numericSeparator","objectRestSpread","optionalCatchBinding","optionalChaining",["pipelineOperator",{"proposal":"minimal"}],"throwExpressions","classProperties","classPrivateProperties","jsx","nullishCoalescingOperator","nullishCoalescingOperator","optionalChaining","optionalChaining","optionalCatchBinding","optionalCatchBinding","classProperties","classPrivateProperties","classPrivateMethods","classProperties","classPrivateProperties","asyncGenerators","asyncGenerators","objectRestSpread","objectRestSpread"],"allowImportExportEverywhere":true,"allowReturnOutsideFunction":true,"allowUndeclaredExports":true,"strictMode":false},"caller":{"name":"meteor","arch":"web.browser"},"sourceFileName":"client/main.js","filename":"/home/leeaus/FinalExam/FinalAssign/client/client/main.js","passPerPreset":false,"envName":"development","cwd":"/home/leeaus/FinalExam/FinalAssign/client","root":"/home/leeaus/FinalExam/FinalAssign/client","plugins":[{"key":"base$0","visitor":{"_exploded":true,"_verified":true},"options":{}},{"key":"base$0$0","visitor":{"Program":{"enter":[null],"exit":[null]},"_exploded":true,"_verified":true},"options":{"avoidModernSyntax":false,"enforceStrictMode":false,"dynamicImport":true,"generateLetDeclarations":true}},{"key":"transform-runtime","visitor":{"CallExpression":{"enter":[null]},"BinaryExpression":{"enter":[null]},"MemberExpression":{"enter":[null],"exit":[null]},"_exploded":true,"_verified":true,"Identifier":{"enter":[null]},"JSXIdentifier":{"enter":[null]}},"options":{"version":"7.9.2","helpers":true,"useESModules":false,"corejs":false}},{"key":"proposal-class-properties","visitor":{"PrivateName":{"enter":[null]},"ExportDefaultDeclaration":{"enter":[null]},"_exploded":true,"_verified":true,"ClassExpression":{"enter":[null]},"ClassDeclaration":{"enter":[null]}},"options":{"loose":true}},{"key":"transform-react-jsx","visitor":{"_exploded":{},"_verified":{},"JSXNamespacedName":{"enter":[null]},"JSXSpreadChild":{"enter":[null]},"JSXElement":{"exit":[null]},"JSXFragment":{"exit":[null]},"Program":{"enter":[null],"exit":[null]},"JSXAttribute":{"enter":[null]}},"options":{"pragma":"React.createElement","pragmaFrag":"React.Fragment","runtime":"classic","throwIfNamespace":true,"useBuiltIns":false}},{"key":"transform-react-display-name","visitor":{"ExportDefaultDeclaration":{"enter":[null]},"CallExpression":{"enter":[null]},"_exploded":true,"_verified":true},"options":{}},{"key":"syntax-nullish-coalescing-operator","visitor":{"_exploded":true,"_verified":true},"options":{}},{"key":"proposal-nullish-coalescing-operator","visitor":{"_exploded":{},"_verified":{},"LogicalExpression":{"enter":[null]}},"options":{}},{"key":"syntax-optional-chaining","visitor":{"_exploded":true,"_verified":true},"options":{}},{"key":"proposal-optional-chaining","visitor":{"_exploded":{},"_verified":{},"OptionalCallExpression":{"enter":[null]},"OptionalMemberExpression":{"enter":[null]}},"options":{}},{"key":"syntax-optional-catch-binding","visitor":{"_exploded":true,"_verified":true},"options":{}},{"key":"proposal-optional-catch-binding","visitor":{"_exploded":{},"_verified":{},"CatchClause":{"enter":[null]}},"options":{}},{"key":"syntax-class-properties","visitor":{"_exploded":true,"_verified":true},"options":{}},{"key":"proposal-class-properties","visitor":{"PrivateName":{"enter":[null]},"ExportDefaultDeclaration":{"enter":[null]},"_exploded":true,"_verified":true,"ClassExpression":{"enter":[null]},"ClassDeclaration":{"enter":[null]}},"options":{}},{"key":"syntax-async-generators","visitor":{"_exploded":true,"_verified":true},"options":{}},{"key":"proposal-async-generator-functions","visitor":{"_exploded":{},"_verified":{},"Program":{"enter":[null]}},"options":{}},{"key":"syntax-object-rest-spread","visitor":{"_exploded":true,"_verified":true},"options":{}},{"key":"proposal-object-rest-spread","visitor":{"_exploded":{},"_verified":{},"VariableDeclarator":{"enter":[null]},"ExportNamedDeclaration":{"enter":[null]},"CatchClause":{"enter":[null]},"AssignmentExpression":{"enter":[null]},"ArrayPattern":{"enter":[null]},"ObjectExpression":{"enter":[null]},"FunctionDeclaration":{"enter":[null]},"FunctionExpression":{"enter":[null]},"ObjectMethod":{"enter":[null]},"ArrowFunctionExpression":{"enter":[null]},"ClassMethod":{"enter":[null]},"ClassPrivateMethod":{"enter":[null]},"ForInStatement":{"enter":[null]},"ForOfStatement":{"enter":[null]}},"options":{}},{"key":"transform-literals","visitor":{"NumericLiteral":{"enter":[null]},"StringLiteral":{"enter":[null]},"_exploded":true,"_verified":true},"options":{}},{"key":"transform-template-literals","visitor":{"TaggedTemplateExpression":{"enter":[null]},"TemplateLiteral":{"enter":[null]},"_exploded":true,"_verified":true},"options":{}},{"key":"transform-parameters","visitor":{"_exploded":true,"_verified":true,"FunctionDeclaration":{"enter":[null]},"FunctionExpression":{"enter":[null]},"ObjectMethod":{"enter":[null]},"ArrowFunctionExpression":{"enter":[null]},"ClassMethod":{"enter":[null]},"ClassPrivateMethod":{"enter":[null]}},"options":{}},{"key":"transform-exponentiation-operator","visitor":{"AssignmentExpression":{"enter":[null]},"BinaryExpression":{"enter":[null]},"_exploded":true,"_verified":true},"options":{}}],"presets":[],"generatorOpts":{"filename":"/home/leeaus/FinalExam/FinalAssign/client/client/main.js","comments":true,"compact":false,"sourceMaps":true,"sourceFileName":"client/main.js"}},"code":"let Template;\nmodule.link(\"meteor/templating\", {\n  Template(v) {\n    Template = v;\n  }\n\n}, 0);\nlet ReactiveVar;\nmodule.link(\"meteor/reactive-var\", {\n  ReactiveVar(v) {\n    ReactiveVar = v;\n  }\n\n}, 1);\nmodule.link(\"./main.html\");\nTemplate.query.onCreated(function queryOnCreated() {// counter starts at 0\n  //this.counter = new ReactiveVar(0);\n});\nTemplate.query.helpers({\n  counter() {//return Template.instance().counter.get();\n  }\n\n});\nTemplate.query.events({\n  'click button'(event, instance) {\n    console.log(\"Inside button click\");\n    var name = document.getElementById(\"textStudentName\").value;\n    console.log(name); //document.getElementById(\"results\").value = name;  Just tests that the value is getting collected from the form\n\n    var collection = \"query_Students\";\n    var result = \"verify\";\n    Meteor.call(collection.toString(), name, function (err, res) {\n      if (err) console.log(\"error\");else console.log(\"no error\");\n    });\n    document.getElementById(\"results\").value = result;\n  }\n\n});","map":{"version":3,"sources":["client/main.js"],"names":["Template","module","link","v","ReactiveVar","query","onCreated","queryOnCreated","helpers","counter","events","event","instance","console","log","name","document","getElementById","value","collection","result","Meteor","call","toString","err","res"],"mappings":"AAAA,IAAIA,QAAJ;AAAaC,MAAM,CAACC,IAAP,CAAY,mBAAZ,EAAgC;AAACF,EAAAA,QAAQ,CAACG,CAAD,EAAG;AAACH,IAAAA,QAAQ,GAACG,CAAT;AAAW;;AAAxB,CAAhC,EAA0D,CAA1D;AAA6D,IAAIC,WAAJ;AAAgBH,MAAM,CAACC,IAAP,CAAY,qBAAZ,EAAkC;AAACE,EAAAA,WAAW,CAACD,CAAD,EAAG;AAACC,IAAAA,WAAW,GAACD,CAAZ;AAAc;;AAA9B,CAAlC,EAAkE,CAAlE;AAAqEF,MAAM,CAACC,IAAP,CAAY,aAAZ;AAK/JF,QAAQ,CAACK,KAAT,CAAeC,SAAf,CAAyB,SAASC,cAAT,GAA0B,CACjD;AACA;AACD,CAHD;AAKAP,QAAQ,CAACK,KAAT,CAAeG,OAAf,CAAuB;AACrBC,EAAAA,OAAO,GAAG,CACR;AACD;;AAHoB,CAAvB;AAOAT,QAAQ,CAACK,KAAT,CAAeK,MAAf,CAAsB;AACjB,iBAAeC,KAAf,EAAsBC,QAAtB,EAAgC;AAClCC,IAAAA,OAAO,CAACC,GAAR,CAAY,qBAAZ;AACA,QAAIC,IAAI,GAAGC,QAAQ,CAACC,cAAT,CAAwB,iBAAxB,EAA2CC,KAAtD;AACAL,IAAAA,OAAO,CAACC,GAAR,CAAYC,IAAZ,EAHkC,CAIlC;;AACA,QAAII,UAAU,GAAG,gBAAjB;AACA,QAAIC,MAAM,GAAG,QAAb;AAEGC,IAAAA,MAAM,CAACC,IAAP,CAAYH,UAAU,CAACI,QAAX,EAAZ,EAAmCR,IAAnC,EAAyC,UAASS,GAAT,EAAcC,GAAd,EACzC;AACC,UAAID,GAAJ,EAASX,OAAO,CAACC,GAAR,CAAY,OAAZ,EAAT,KACKD,OAAO,CAACC,GAAR,CAAY,UAAZ;AACJ,KAJF;AAKNE,IAAAA,QAAQ,CAACC,cAAT,CAAwB,SAAxB,EAAmCC,KAAnC,GAA2CE,MAA3C;AAEM;;AAhBgB,CAAtB","sourcesContent":["import { Template } from 'meteor/templating';\nimport { ReactiveVar } from 'meteor/reactive-var';\n\nimport './main.html';\n\nTemplate.query.onCreated(function queryOnCreated() {\n  // counter starts at 0\n  //this.counter = new ReactiveVar(0);\n});\n\nTemplate.query.helpers({\n  counter() {\n    //return Template.instance().counter.get();\n  },\n});\n\n\nTemplate.query.events({\n\t\t\t  'click button'(event, instance) {\n\t\t\tconsole.log(\"Inside button click\");\n\t\t\tvar name = document.getElementById(\"textStudentName\").value;\n\t\t\tconsole.log(name);\n\t\t\t//document.getElementById(\"results\").value = name;  Just tests that the value is getting collected from the form\n\t\t\tvar collection = \"query_Students\";\n\t\t\tvar result = \"verify\"\n\n\t\t\t\t\t\tMeteor.call(collection.toString(), name, function(err, res)\n\t\t\t\t\t\t{\n\t\t\t\t\t\t\tif (err) console.log(\"error\");\n\t\t\t\t\t\t\telse console.log(\"no error\");\n\t\t\t\t\t\t\t});\ndocument.getElementById(\"results\").value = result;\n\n\t\t\t  },\n\n});\n"]},"sourceType":"module","hash":"68f7f9b24a8567fc01f162e1a5faefaaced25378"}
