{"metadata":{},"options":{"compact":false,"sourceMaps":true,"ast":true,"babelrc":false,"configFile":false,"parserOpts":{"sourceType":"module","sourceFileName":"/home/leeaus/FinalExam/FinalAssign/client/packages/random/BrowserRandomGenerator.js","plugins":["*","flow","jsx","asyncGenerators","bigInt","classPrivateMethods","classPrivateProperties","classProperties","doExpressions","dynamicImport","exportDefaultFrom","exportExtensions","exportNamespaceFrom","functionBind","functionSent","importMeta","nullishCoalescingOperator","numericSeparator","objectRestSpread","optionalCatchBinding","optionalChaining",["pipelineOperator",{"proposal":"minimal"}],"throwExpressions","classProperties","classPrivateProperties","jsx","nullishCoalescingOperator","nullishCoalescingOperator","optionalChaining","optionalChaining","optionalCatchBinding","optionalCatchBinding","classProperties","classPrivateProperties","classPrivateMethods","classProperties","classPrivateProperties","asyncGenerators","asyncGenerators","objectRestSpread","objectRestSpread"],"allowImportExportEverywhere":true,"allowReturnOutsideFunction":true,"allowUndeclaredExports":true,"strictMode":false},"caller":{"name":"meteor","arch":"web.browser"},"sourceFileName":"packages/random/BrowserRandomGenerator.js","filename":"/home/leeaus/FinalExam/FinalAssign/client/packages/random/BrowserRandomGenerator.js","passPerPreset":false,"envName":"development","cwd":"/home/leeaus/FinalExam/FinalAssign/client","root":"/home/leeaus/FinalExam/FinalAssign/client","plugins":[{"key":"base$0","visitor":{"_exploded":true,"_verified":true},"options":{}},{"key":"base$0$0","visitor":{"Program":{"enter":[null],"exit":[null]},"_exploded":true,"_verified":true},"options":{"avoidModernSyntax":false,"enforceStrictMode":false,"dynamicImport":true,"generateLetDeclarations":true}},{"key":"transform-runtime","visitor":{"CallExpression":{"enter":[null]},"BinaryExpression":{"enter":[null]},"MemberExpression":{"enter":[null],"exit":[null]},"_exploded":true,"_verified":true,"Identifier":{"enter":[null]},"JSXIdentifier":{"enter":[null]}},"options":{"version":"7.9.2","helpers":true,"useESModules":false,"corejs":false}},{"key":"proposal-class-properties","visitor":{"PrivateName":{"enter":[null]},"ExportDefaultDeclaration":{"enter":[null]},"_exploded":true,"_verified":true,"ClassExpression":{"enter":[null]},"ClassDeclaration":{"enter":[null]}},"options":{"loose":true}},{"key":"transform-react-jsx","visitor":{"_exploded":{},"_verified":{},"JSXNamespacedName":{"enter":[null]},"JSXSpreadChild":{"enter":[null]},"JSXElement":{"exit":[null]},"JSXFragment":{"exit":[null]},"Program":{"enter":[null],"exit":[null]},"JSXAttribute":{"enter":[null]}},"options":{"pragma":"React.createElement","pragmaFrag":"React.Fragment","runtime":"classic","throwIfNamespace":true,"useBuiltIns":false}},{"key":"transform-react-display-name","visitor":{"ExportDefaultDeclaration":{"enter":[null]},"CallExpression":{"enter":[null]},"_exploded":true,"_verified":true},"options":{}},{"key":"syntax-nullish-coalescing-operator","visitor":{"_exploded":true,"_verified":true},"options":{}},{"key":"proposal-nullish-coalescing-operator","visitor":{"_exploded":{},"_verified":{},"LogicalExpression":{"enter":[null]}},"options":{}},{"key":"syntax-optional-chaining","visitor":{"_exploded":true,"_verified":true},"options":{}},{"key":"proposal-optional-chaining","visitor":{"_exploded":{},"_verified":{},"OptionalCallExpression":{"enter":[null]},"OptionalMemberExpression":{"enter":[null]}},"options":{}},{"key":"syntax-optional-catch-binding","visitor":{"_exploded":true,"_verified":true},"options":{}},{"key":"proposal-optional-catch-binding","visitor":{"_exploded":{},"_verified":{},"CatchClause":{"enter":[null]}},"options":{}},{"key":"syntax-class-properties","visitor":{"_exploded":true,"_verified":true},"options":{}},{"key":"proposal-class-properties","visitor":{"PrivateName":{"enter":[null]},"ExportDefaultDeclaration":{"enter":[null]},"_exploded":true,"_verified":true,"ClassExpression":{"enter":[null]},"ClassDeclaration":{"enter":[null]}},"options":{}},{"key":"syntax-async-generators","visitor":{"_exploded":true,"_verified":true},"options":{}},{"key":"proposal-async-generator-functions","visitor":{"_exploded":{},"_verified":{},"Program":{"enter":[null]}},"options":{}},{"key":"syntax-object-rest-spread","visitor":{"_exploded":true,"_verified":true},"options":{}},{"key":"proposal-object-rest-spread","visitor":{"_exploded":{},"_verified":{},"VariableDeclarator":{"enter":[null]},"ExportNamedDeclaration":{"enter":[null]},"CatchClause":{"enter":[null]},"AssignmentExpression":{"enter":[null]},"ArrayPattern":{"enter":[null]},"ObjectExpression":{"enter":[null]},"FunctionDeclaration":{"enter":[null]},"FunctionExpression":{"enter":[null]},"ObjectMethod":{"enter":[null]},"ArrowFunctionExpression":{"enter":[null]},"ClassMethod":{"enter":[null]},"ClassPrivateMethod":{"enter":[null]},"ForInStatement":{"enter":[null]},"ForOfStatement":{"enter":[null]}},"options":{}},{"key":"transform-literals","visitor":{"NumericLiteral":{"enter":[null]},"StringLiteral":{"enter":[null]},"_exploded":true,"_verified":true},"options":{}},{"key":"transform-template-literals","visitor":{"TaggedTemplateExpression":{"enter":[null]},"TemplateLiteral":{"enter":[null]},"_exploded":true,"_verified":true},"options":{}},{"key":"transform-parameters","visitor":{"_exploded":true,"_verified":true,"FunctionDeclaration":{"enter":[null]},"FunctionExpression":{"enter":[null]},"ObjectMethod":{"enter":[null]},"ArrowFunctionExpression":{"enter":[null]},"ClassMethod":{"enter":[null]},"ClassPrivateMethod":{"enter":[null]}},"options":{}},{"key":"transform-exponentiation-operator","visitor":{"AssignmentExpression":{"enter":[null]},"BinaryExpression":{"enter":[null]},"_exploded":true,"_verified":true},"options":{}}],"presets":[],"generatorOpts":{"filename":"/home/leeaus/FinalExam/FinalAssign/client/packages/random/BrowserRandomGenerator.js","comments":true,"compact":false,"sourceMaps":true,"sourceFileName":"packages/random/BrowserRandomGenerator.js"}},"code":"module.export({\n  default: () => BrowserRandomGenerator\n});\nlet RandomGenerator;\nmodule.link(\"./AbstractRandomGenerator\", {\n  default(v) {\n    RandomGenerator = v;\n  }\n\n}, 0);\n\nclass BrowserRandomGenerator extends RandomGenerator {\n  /**\n   * @name Random.fraction\n   * @summary Return a number between 0 and 1, like `Math.random`.\n   * @locus Anywhere\n   */\n  fraction() {\n    const array = new Uint32Array(1);\n    window.crypto.getRandomValues(array);\n    return array[0] * 2.3283064365386963e-10; // 2^-32\n  }\n\n}","map":{"version":3,"sources":["packages/random/BrowserRandomGenerator.js"],"names":["module","export","default","BrowserRandomGenerator","RandomGenerator","link","v","fraction","array","Uint32Array","window","crypto","getRandomValues"],"mappings":"AAAAA,MAAM,CAACC,MAAP,CAAc;AAACC,EAAAA,OAAO,EAAC,MAAIC;AAAb,CAAd;AAAoD,IAAIC,eAAJ;AAAoBJ,MAAM,CAACK,IAAP,CAAY,2BAAZ,EAAwC;AAACH,EAAAA,OAAO,CAACI,CAAD,EAAG;AAACF,IAAAA,eAAe,GAACE,CAAhB;AAAkB;;AAA9B,CAAxC,EAAwE,CAAxE;;AAGzD,MAAMH,sBAAN,SAAqCC,eAArC,CAAqD;AAClE;;;;;AAKAG,EAAAA,QAAQ,GAAI;AACV,UAAMC,KAAK,GAAG,IAAIC,WAAJ,CAAgB,CAAhB,CAAd;AACAC,IAAAA,MAAM,CAACC,MAAP,CAAcC,eAAd,CAA8BJ,KAA9B;AACA,WAAOA,KAAK,CAAC,CAAD,CAAL,GAAW,sBAAlB,CAHU,CAGgC;AAC3C;;AAViE","sourcesContent":["import RandomGenerator from './AbstractRandomGenerator';\n\n// cryptographically strong PRNGs available in modern browsers\nexport default class BrowserRandomGenerator extends RandomGenerator {\n  /**\n   * @name Random.fraction\n   * @summary Return a number between 0 and 1, like `Math.random`.\n   * @locus Anywhere\n   */\n  fraction () {\n    const array = new Uint32Array(1);\n    window.crypto.getRandomValues(array);\n    return array[0] * 2.3283064365386963e-10; // 2^-32\n  }\n}\n"]},"sourceType":"module","hash":"fa2f6634a5720983cbaf3cc25bc0289f0fcf924f"}
