{"metadata":{},"options":{"compact":false,"sourceMaps":true,"ast":true,"babelrc":false,"configFile":false,"parserOpts":{"sourceType":"module","sourceFileName":"/home/leeaus/FinalExam/FinalAssign/client/packages/ddp-common/method_invocation.js","plugins":["*","flow","jsx","asyncGenerators","bigInt","classPrivateMethods","classPrivateProperties","classProperties","doExpressions","dynamicImport","exportDefaultFrom","exportExtensions","exportNamespaceFrom","functionBind","functionSent","importMeta","nullishCoalescingOperator","numericSeparator","objectRestSpread","optionalCatchBinding","optionalChaining",["pipelineOperator",{"proposal":"minimal"}],"throwExpressions","classProperties","classPrivateProperties","jsx","nullishCoalescingOperator","nullishCoalescingOperator","optionalChaining","optionalChaining","optionalCatchBinding","optionalCatchBinding","classProperties","classPrivateProperties","classPrivateMethods","classProperties","classPrivateProperties","asyncGenerators","asyncGenerators","objectRestSpread","objectRestSpread"],"allowImportExportEverywhere":true,"allowReturnOutsideFunction":true,"allowUndeclaredExports":true,"strictMode":false},"caller":{"name":"meteor","arch":"web.browser.legacy"},"sourceFileName":"packages/ddp-common/method_invocation.js","filename":"/home/leeaus/FinalExam/FinalAssign/client/packages/ddp-common/method_invocation.js","passPerPreset":false,"envName":"development","cwd":"/home/leeaus/FinalExam/FinalAssign/client","root":"/home/leeaus/FinalExam/FinalAssign/client","plugins":[{"key":"base$0","visitor":{"_exploded":true,"_verified":true},"options":{}},{"key":"base$0$0","visitor":{"Program":{"enter":[null],"exit":[null]},"_exploded":true,"_verified":true},"options":{"avoidModernSyntax":true,"enforceStrictMode":false,"dynamicImport":true}},{"key":"transform-runtime","visitor":{"CallExpression":{"enter":[null]},"BinaryExpression":{"enter":[null]},"MemberExpression":{"enter":[null],"exit":[null]},"_exploded":true,"_verified":true,"Identifier":{"enter":[null]},"JSXIdentifier":{"enter":[null]}},"options":{"version":"7.9.2","helpers":true,"useESModules":false,"corejs":false}},{"key":"proposal-class-properties","visitor":{"PrivateName":{"enter":[null]},"ExportDefaultDeclaration":{"enter":[null]},"_exploded":true,"_verified":true,"ClassExpression":{"enter":[null]},"ClassDeclaration":{"enter":[null]}},"options":{"loose":true}},{"key":"base$0$3","visitor":{"FunctionExpression":{"exit":[null]},"_exploded":true,"_verified":true},"options":{}},{"key":"base$0$4","visitor":{"ForInStatement":{"enter":[null]},"_exploded":true,"_verified":true},"options":{}},{"key":"transform-react-jsx","visitor":{"_exploded":{},"_verified":{},"JSXNamespacedName":{"enter":[null]},"JSXSpreadChild":{"enter":[null]},"JSXElement":{"exit":[null]},"JSXFragment":{"exit":[null]},"Program":{"enter":[null],"exit":[null]},"JSXAttribute":{"enter":[null]}},"options":{"pragma":"React.createElement","pragmaFrag":"React.Fragment","runtime":"classic","throwIfNamespace":true,"useBuiltIns":false}},{"key":"transform-react-display-name","visitor":{"ExportDefaultDeclaration":{"enter":[null]},"CallExpression":{"enter":[null]},"_exploded":true,"_verified":true},"options":{}},{"key":"syntax-nullish-coalescing-operator","visitor":{"_exploded":true,"_verified":true},"options":{}},{"key":"proposal-nullish-coalescing-operator","visitor":{"_exploded":{},"_verified":{},"LogicalExpression":{"enter":[null]}},"options":{}},{"key":"syntax-optional-chaining","visitor":{"_exploded":true,"_verified":true},"options":{}},{"key":"proposal-optional-chaining","visitor":{"_exploded":{},"_verified":{},"OptionalCallExpression":{"enter":[null]},"OptionalMemberExpression":{"enter":[null]}},"options":{}},{"key":"syntax-optional-catch-binding","visitor":{"_exploded":true,"_verified":true},"options":{}},{"key":"proposal-optional-catch-binding","visitor":{"_exploded":{},"_verified":{},"CatchClause":{"enter":[null]}},"options":{}},{"key":"syntax-class-properties","visitor":{"_exploded":true,"_verified":true},"options":{}},{"key":"proposal-class-properties","visitor":{"PrivateName":{"enter":[null]},"ExportDefaultDeclaration":{"enter":[null]},"_exploded":true,"_verified":true,"ClassExpression":{"enter":[null]},"ClassDeclaration":{"enter":[null]}},"options":{}},{"key":"syntax-async-generators","visitor":{"_exploded":true,"_verified":true},"options":{}},{"key":"proposal-async-generator-functions","visitor":{"_exploded":{},"_verified":{},"Program":{"enter":[null]}},"options":{}},{"key":"syntax-object-rest-spread","visitor":{"_exploded":true,"_verified":true},"options":{}},{"key":"proposal-object-rest-spread","visitor":{"_exploded":{},"_verified":{},"VariableDeclarator":{"enter":[null]},"ExportNamedDeclaration":{"enter":[null]},"CatchClause":{"enter":[null]},"AssignmentExpression":{"enter":[null]},"ArrayPattern":{"enter":[null]},"ObjectExpression":{"enter":[null]},"FunctionDeclaration":{"enter":[null]},"FunctionExpression":{"enter":[null]},"ObjectMethod":{"enter":[null]},"ArrowFunctionExpression":{"enter":[null]},"ClassMethod":{"enter":[null]},"ClassPrivateMethod":{"enter":[null]},"ForInStatement":{"enter":[null]},"ForOfStatement":{"enter":[null]}},"options":{}},{"key":"transform-arrow-functions","visitor":{"ArrowFunctionExpression":{"enter":[null]},"_exploded":true,"_verified":true},"options":{}},{"key":"transform-block-scoped-functions","visitor":{"BlockStatement":{"enter":[null]},"SwitchCase":{"enter":[null]},"_exploded":true,"_verified":true},"options":{}},{"key":"transform-block-scoping","visitor":{"VariableDeclaration":{"enter":[null]},"CatchClause":{"enter":[null]},"_exploded":true,"BlockStatement":{"enter":[null]},"SwitchStatement":{"enter":[null]},"Program":{"enter":[null]},"_verified":true,"DoWhileStatement":{"enter":[null]},"ForInStatement":{"enter":[null]},"ForStatement":{"enter":[null]},"WhileStatement":{"enter":[null]},"ForOfStatement":{"enter":[null]}},"options":{}},{"key":"transform-classes","visitor":{"ExportDefaultDeclaration":{"enter":[null]},"ClassDeclaration":{"enter":[null]},"ClassExpression":{"enter":[null]},"_exploded":true,"_verified":true},"options":{"loose":true}},{"key":"transform-computed-properties","visitor":{"ObjectExpression":{"exit":[null]},"_exploded":true,"_verified":true},"options":{"loose":true}},{"key":"transform-destructuring","visitor":{"ExportNamedDeclaration":{"enter":[null]},"CatchClause":{"enter":[null]},"AssignmentExpression":{"enter":[null]},"VariableDeclaration":{"enter":[null]},"_exploded":true,"_verified":true,"ForInStatement":{"enter":[null]},"ForOfStatement":{"enter":[null]}},"options":{}},{"key":"transform-for-of","visitor":{"ForOfStatement":{"enter":[null]},"_exploded":true,"_verified":true},"options":{"loose":true}},{"key":"transform-literals","visitor":{"NumericLiteral":{"enter":[null]},"StringLiteral":{"enter":[null]},"_exploded":true,"_verified":true},"options":{}},{"key":"transform-object-super","visitor":{"ObjectExpression":{"enter":[null]},"_exploded":true,"_verified":true},"options":{}},{"key":"transform-parameters","visitor":{"_exploded":true,"_verified":true,"FunctionDeclaration":{"enter":[null]},"FunctionExpression":{"enter":[null]},"ObjectMethod":{"enter":[null]},"ArrowFunctionExpression":{"enter":[null]},"ClassMethod":{"enter":[null]},"ClassPrivateMethod":{"enter":[null]}},"options":{}},{"key":"transform-shorthand-properties","visitor":{"ObjectMethod":{"enter":[null]},"ObjectProperty":{"enter":[null]},"_exploded":true,"_verified":true},"options":{}},{"key":"transform-spread","visitor":{"ArrayExpression":{"enter":[null]},"CallExpression":{"enter":[null]},"NewExpression":{"enter":[null]},"_exploded":true,"_verified":true},"options":{}},{"key":"transform-sticky-regex","visitor":{"RegExpLiteral":{"enter":[null]},"_exploded":true,"_verified":true},"options":{}},{"key":"transform-template-literals","visitor":{"TaggedTemplateExpression":{"enter":[null]},"TemplateLiteral":{"enter":[null]},"_exploded":true,"_verified":true},"options":{"loose":true}},{"key":"transform-typeof-symbol","visitor":{"UnaryExpression":{"enter":[null]},"_exploded":true,"_verified":true,"BlockStatement":{"enter":[null]},"CatchClause":{"enter":[null]},"DoWhileStatement":{"enter":[null]},"ForInStatement":{"enter":[null]},"ForStatement":{"enter":[null]},"FunctionDeclaration":{"enter":[null]},"FunctionExpression":{"enter":[null]},"Program":{"enter":[null]},"ObjectMethod":{"enter":[null]},"SwitchStatement":{"enter":[null]},"WhileStatement":{"enter":[null]},"ArrowFunctionExpression":{"enter":[null]},"ClassExpression":{"enter":[null]},"ClassDeclaration":{"enter":[null]},"ForOfStatement":{"enter":[null]},"ClassMethod":{"enter":[null]},"ClassPrivateMethod":{"enter":[null]},"TSModuleBlock":{"enter":[null]},"AssignmentPattern":{"enter":[null]},"ArrayPattern":{"enter":[null]},"ObjectPattern":{"enter":[null]}},"options":{}},{"key":"transform-unicode-regex","visitor":{"RegExpLiteral":{"enter":[null]},"_exploded":true,"_verified":true},"options":{}},{"key":"transform-property-literals","visitor":{"ObjectProperty":{"exit":[null]},"_exploded":true,"_verified":true},"options":{}},{"key":"transform-exponentiation-operator","visitor":{"AssignmentExpression":{"enter":[null]},"BinaryExpression":{"enter":[null]},"_exploded":true,"_verified":true},"options":{}},{"key":"regenerator-transform","visitor":{"_exploded":true,"_verified":true,"ObjectMethod":{"enter":[null],"exit":[null]},"ClassMethod":{"enter":[null],"exit":[null]},"ClassPrivateMethod":{"enter":[null],"exit":[null]},"FunctionDeclaration":{"exit":[null]},"FunctionExpression":{"exit":[null]},"ArrowFunctionExpression":{"exit":[null]}},"options":{}}],"presets":[],"generatorOpts":{"filename":"/home/leeaus/FinalExam/FinalAssign/client/packages/ddp-common/method_invocation.js","comments":true,"compact":false,"sourceMaps":true,"sourceFileName":"packages/ddp-common/method_invocation.js"}},"code":"// Instance name is this because it is usually referred to as this inside a\n// method definition\n\n/**\n * @summary The state for a single invocation of a method, referenced by this\n * inside a method definition.\n * @param {Object} options\n * @instanceName this\n * @showInstanceName true\n */\nDDPCommon.MethodInvocation = /*#__PURE__*/function () {\n  function MethodInvocation(options) {\n    // true if we're running not the actual method, but a stub (that is,\n    // if we're on a client (which may be a browser, or in the future a\n    // server connecting to another server) and presently running a\n    // simulation of a server-side method for latency compensation\n    // purposes). not currently true except in a client such as a browser,\n    // since there's usually no point in running stubs unless you have a\n    // zero-latency connection to the user.\n\n    /**\n     * @summary Access inside a method invocation.  Boolean value, true if this invocation is a stub.\n     * @locus Anywhere\n     * @name  isSimulation\n     * @memberOf DDPCommon.MethodInvocation\n     * @instance\n     * @type {Boolean}\n     */\n    this.isSimulation = options.isSimulation; // call this function to allow other method invocations (from the\n    // same client) to continue running without waiting for this one to\n    // complete.\n\n    this._unblock = options.unblock || function () {};\n\n    this._calledUnblock = false; // current user id\n\n    /**\n     * @summary The id of the user that made this method call, or `null` if no user was logged in.\n     * @locus Anywhere\n     * @name  userId\n     * @memberOf DDPCommon.MethodInvocation\n     * @instance\n     */\n\n    this.userId = options.userId; // sets current user id in all appropriate server contexts and\n    // reruns subscriptions\n\n    this._setUserId = options.setUserId || function () {}; // On the server, the connection this method call came in on.\n\n    /**\n     * @summary Access inside a method invocation. The [connection](#meteor_onconnection) that this method was received on. `null` if the method is not associated with a connection, eg. a server initiated method call. Calls to methods made from a server method which was in turn initiated from the client share the same `connection`.\n     * @locus Server\n     * @name  connection\n     * @memberOf DDPCommon.MethodInvocation\n     * @instance\n     */\n\n\n    this.connection = options.connection; // The seed for randomStream value generation\n\n    this.randomSeed = options.randomSeed; // This is set by RandomStream.get; and holds the random stream state\n\n    this.randomStream = null;\n  }\n  /**\n   * @summary Call inside a method invocation.  Allow subsequent method from this client to begin running in a new fiber.\n   * @locus Server\n   * @memberOf DDPCommon.MethodInvocation\n   * @instance\n   */\n\n\n  var _proto = MethodInvocation.prototype;\n\n  _proto.unblock = function () {\n    function unblock() {\n      this._calledUnblock = true;\n\n      this._unblock();\n    }\n\n    return unblock;\n  }()\n  /**\n   * @summary Set the logged in user.\n   * @locus Server\n   * @memberOf DDPCommon.MethodInvocation\n   * @instance\n   * @param {String | null} userId The value that should be returned by `userId` on this connection.\n   */\n  ;\n\n  _proto.setUserId = function () {\n    function setUserId(userId) {\n      if (this._calledUnblock) {\n        throw new Error(\"Can't call setUserId in a method after calling unblock\");\n      }\n\n      this.userId = userId;\n\n      this._setUserId(userId);\n    }\n\n    return setUserId;\n  }();\n\n  return MethodInvocation;\n}();","map":{"version":3,"sources":["packages/ddp-common/method_invocation.js"],"names":["DDPCommon","MethodInvocation","options","isSimulation","_unblock","unblock","_calledUnblock","userId","_setUserId","setUserId","connection","randomSeed","randomStream","Error"],"mappings":"AAAA;AACA;;AACA;;;;;;;AAOAA,SAAS,CAACC,gBAAV;AACE,4BAAYC,OAAZ,EAAqB;AACnB;AACA;AACA;AACA;AACA;AACA;AACA;;AAEA;;;;;;;;AAQA,SAAKC,YAAL,GAAoBD,OAAO,CAACC,YAA5B,CAjBmB,CAmBnB;AACA;AACA;;AACA,SAAKC,QAAL,GAAgBF,OAAO,CAACG,OAAR,IAAmB,YAAY,CAAE,CAAjD;;AACA,SAAKC,cAAL,GAAsB,KAAtB,CAvBmB,CAyBnB;;AAEA;;;;;;;;AAOA,SAAKC,MAAL,GAAcL,OAAO,CAACK,MAAtB,CAlCmB,CAoCnB;AACA;;AACA,SAAKC,UAAL,GAAkBN,OAAO,CAACO,SAAR,IAAqB,YAAY,CAAE,CAArD,CAtCmB,CAwCnB;;AAEA;;;;;;;;;AAOA,SAAKC,UAAL,GAAkBR,OAAO,CAACQ,UAA1B,CAjDmB,CAmDnB;;AACA,SAAKC,UAAL,GAAkBT,OAAO,CAACS,UAA1B,CApDmB,CAsDnB;;AACA,SAAKC,YAAL,GAAoB,IAApB;AACD;AAED;;;;;;;;AA3DF;;AAAA,SAiEEP,OAjEF;AAiEE,uBAAU;AACR,WAAKC,cAAL,GAAsB,IAAtB;;AACA,WAAKF,QAAL;AACD;;AApEH;AAAA;AAsEE;;;;;;;AAtEF;;AAAA,SA6EEK,SA7EF;AA6EE,uBAAUF,MAAV,EAAkB;AAChB,UAAI,KAAKD,cAAT,EAAyB;AACvB,cAAM,IAAIO,KAAJ,CAAU,wDAAV,CAAN;AACD;;AACD,WAAKN,MAAL,GAAcA,MAAd;;AACA,WAAKC,UAAL,CAAgBD,MAAhB;AACD;;AAnFH;AAAA;;AAAA;AAAA","sourcesContent":["// Instance name is this because it is usually referred to as this inside a\n// method definition\n/**\n * @summary The state for a single invocation of a method, referenced by this\n * inside a method definition.\n * @param {Object} options\n * @instanceName this\n * @showInstanceName true\n */\nDDPCommon.MethodInvocation = class MethodInvocation {\n  constructor(options) {\n    // true if we're running not the actual method, but a stub (that is,\n    // if we're on a client (which may be a browser, or in the future a\n    // server connecting to another server) and presently running a\n    // simulation of a server-side method for latency compensation\n    // purposes). not currently true except in a client such as a browser,\n    // since there's usually no point in running stubs unless you have a\n    // zero-latency connection to the user.\n\n    /**\n     * @summary Access inside a method invocation.  Boolean value, true if this invocation is a stub.\n     * @locus Anywhere\n     * @name  isSimulation\n     * @memberOf DDPCommon.MethodInvocation\n     * @instance\n     * @type {Boolean}\n     */\n    this.isSimulation = options.isSimulation;\n\n    // call this function to allow other method invocations (from the\n    // same client) to continue running without waiting for this one to\n    // complete.\n    this._unblock = options.unblock || function () {};\n    this._calledUnblock = false;\n\n    // current user id\n\n    /**\n     * @summary The id of the user that made this method call, or `null` if no user was logged in.\n     * @locus Anywhere\n     * @name  userId\n     * @memberOf DDPCommon.MethodInvocation\n     * @instance\n     */\n    this.userId = options.userId;\n\n    // sets current user id in all appropriate server contexts and\n    // reruns subscriptions\n    this._setUserId = options.setUserId || function () {};\n\n    // On the server, the connection this method call came in on.\n\n    /**\n     * @summary Access inside a method invocation. The [connection](#meteor_onconnection) that this method was received on. `null` if the method is not associated with a connection, eg. a server initiated method call. Calls to methods made from a server method which was in turn initiated from the client share the same `connection`.\n     * @locus Server\n     * @name  connection\n     * @memberOf DDPCommon.MethodInvocation\n     * @instance\n     */\n    this.connection = options.connection;\n\n    // The seed for randomStream value generation\n    this.randomSeed = options.randomSeed;\n\n    // This is set by RandomStream.get; and holds the random stream state\n    this.randomStream = null;\n  }\n\n  /**\n   * @summary Call inside a method invocation.  Allow subsequent method from this client to begin running in a new fiber.\n   * @locus Server\n   * @memberOf DDPCommon.MethodInvocation\n   * @instance\n   */\n  unblock() {\n    this._calledUnblock = true;\n    this._unblock();\n  }\n\n  /**\n   * @summary Set the logged in user.\n   * @locus Server\n   * @memberOf DDPCommon.MethodInvocation\n   * @instance\n   * @param {String | null} userId The value that should be returned by `userId` on this connection.\n   */\n  setUserId(userId) {\n    if (this._calledUnblock) {\n      throw new Error(\"Can't call setUserId in a method after calling unblock\");\n    }\n    this.userId = userId;\n    this._setUserId(userId);\n  }\n};\n"]},"sourceType":"module","hash":"fec9b3fdd8b0546c8905287a52302ae25913863f"}
