{"metadata":{},"options":{"compact":false,"sourceMaps":true,"ast":true,"babelrc":false,"configFile":false,"parserOpts":{"sourceType":"module","sourceFileName":"/home/leeaus/FinalExam/FinalAssign/client/packages/ddp-server/server_convenience.js","plugins":["*","flow","jsx","asyncGenerators","bigInt","classPrivateMethods","classPrivateProperties","classProperties","doExpressions","dynamicImport","exportDefaultFrom","exportExtensions","exportNamespaceFrom","functionBind","functionSent","importMeta","nullishCoalescingOperator","numericSeparator","objectRestSpread","optionalCatchBinding","optionalChaining",["pipelineOperator",{"proposal":"minimal"}],"throwExpressions","objectRestSpread","objectRestSpread","asyncGenerators","classProperties","classPrivateProperties","jsx","nullishCoalescingOperator","nullishCoalescingOperator","optionalChaining","optionalChaining","optionalCatchBinding","optionalCatchBinding","classProperties","classPrivateProperties","classPrivateMethods","classProperties","classPrivateProperties","asyncGenerators","asyncGenerators","objectRestSpread","objectRestSpread"],"allowImportExportEverywhere":true,"allowReturnOutsideFunction":true,"allowUndeclaredExports":true,"strictMode":false},"caller":{"name":"meteor","arch":"os.linux.x86_64"},"sourceFileName":"packages/ddp-server/server_convenience.js","filename":"/home/leeaus/FinalExam/FinalAssign/client/packages/ddp-server/server_convenience.js","passPerPreset":false,"envName":"development","cwd":"/home/leeaus/FinalExam/FinalAssign/client","root":"/home/leeaus/FinalExam/FinalAssign/client","plugins":[{"key":"base$0","visitor":{"_exploded":true,"_verified":true},"options":{}},{"key":"base$0$0","visitor":{"Program":{"enter":[null],"exit":[null]},"_exploded":true,"_verified":true},"options":{"avoidModernSyntax":false,"enforceStrictMode":false,"dynamicImport":true,"generateLetDeclarations":true}},{"key":"transform-runtime","visitor":{"CallExpression":{"enter":[null]},"BinaryExpression":{"enter":[null]},"MemberExpression":{"enter":[null],"exit":[null]},"_exploded":true,"_verified":true,"Identifier":{"enter":[null]},"JSXIdentifier":{"enter":[null]}},"options":{"version":"7.9.2","helpers":true,"useESModules":false,"corejs":false}},{"key":"syntax-object-rest-spread","visitor":{"_exploded":true,"_verified":true},"options":{}},{"key":"proposal-object-rest-spread","visitor":{"_exploded":{},"_verified":{},"VariableDeclarator":{"enter":[null]},"ExportNamedDeclaration":{"enter":[null]},"CatchClause":{"enter":[null]},"AssignmentExpression":{"enter":[null]},"ArrayPattern":{"enter":[null]},"ObjectExpression":{"enter":[null]},"FunctionDeclaration":{"enter":[null]},"FunctionExpression":{"enter":[null]},"ObjectMethod":{"enter":[null]},"ArrowFunctionExpression":{"enter":[null]},"ClassMethod":{"enter":[null]},"ClassPrivateMethod":{"enter":[null]},"ForInStatement":{"enter":[null]},"ForOfStatement":{"enter":[null]}},"options":{}},{"key":"transform-meteor-async-await","visitor":{"AwaitExpression":{"enter":[null]},"_exploded":true,"_verified":true,"FunctionDeclaration":{"exit":[null]},"FunctionExpression":{"exit":[null]},"ObjectMethod":{"exit":[null]},"ArrowFunctionExpression":{"exit":[null]},"ClassMethod":{"exit":[null]},"ClassPrivateMethod":{"exit":[null]}},"options":{"useNativeAsyncAwait":false}},{"key":"proposal-async-generator-functions","visitor":{"_exploded":{},"_verified":{},"Program":{"enter":[null]}},"options":{}},{"key":"proposal-class-properties","visitor":{"PrivateName":{"enter":[null]},"ExportDefaultDeclaration":{"enter":[null]},"_exploded":true,"_verified":true,"ClassExpression":{"enter":[null]},"ClassDeclaration":{"enter":[null]}},"options":{"loose":true}},{"key":"transform-react-jsx","visitor":{"_exploded":{},"_verified":{},"JSXNamespacedName":{"enter":[null]},"JSXSpreadChild":{"enter":[null]},"JSXElement":{"exit":[null]},"JSXFragment":{"exit":[null]},"Program":{"enter":[null],"exit":[null]},"JSXAttribute":{"enter":[null]}},"options":{"pragma":"React.createElement","pragmaFrag":"React.Fragment","runtime":"classic","throwIfNamespace":true,"useBuiltIns":false}},{"key":"transform-react-display-name","visitor":{"ExportDefaultDeclaration":{"enter":[null]},"CallExpression":{"enter":[null]},"_exploded":true,"_verified":true},"options":{}},{"key":"syntax-nullish-coalescing-operator","visitor":{"_exploded":true,"_verified":true},"options":{}},{"key":"proposal-nullish-coalescing-operator","visitor":{"_exploded":{},"_verified":{},"LogicalExpression":{"enter":[null]}},"options":{}},{"key":"syntax-optional-chaining","visitor":{"_exploded":true,"_verified":true},"options":{}},{"key":"proposal-optional-chaining","visitor":{"_exploded":{},"_verified":{},"OptionalCallExpression":{"enter":[null]},"OptionalMemberExpression":{"enter":[null]}},"options":{}},{"key":"syntax-optional-catch-binding","visitor":{"_exploded":true,"_verified":true},"options":{}},{"key":"proposal-optional-catch-binding","visitor":{"_exploded":{},"_verified":{},"CatchClause":{"enter":[null]}},"options":{}},{"key":"syntax-class-properties","visitor":{"_exploded":true,"_verified":true},"options":{}},{"key":"proposal-class-properties","visitor":{"PrivateName":{"enter":[null]},"ExportDefaultDeclaration":{"enter":[null]},"_exploded":true,"_verified":true,"ClassExpression":{"enter":[null]},"ClassDeclaration":{"enter":[null]}},"options":{}},{"key":"syntax-async-generators","visitor":{"_exploded":true,"_verified":true},"options":{}},{"key":"proposal-async-generator-functions","visitor":{"_exploded":{},"_verified":{},"Program":{"enter":[null]}},"options":{}},{"key":"syntax-object-rest-spread","visitor":{"_exploded":true,"_verified":true},"options":{}},{"key":"proposal-object-rest-spread","visitor":{"_exploded":{},"_verified":{},"VariableDeclarator":{"enter":[null]},"ExportNamedDeclaration":{"enter":[null]},"CatchClause":{"enter":[null]},"AssignmentExpression":{"enter":[null]},"ArrayPattern":{"enter":[null]},"ObjectExpression":{"enter":[null]},"FunctionDeclaration":{"enter":[null]},"FunctionExpression":{"enter":[null]},"ObjectMethod":{"enter":[null]},"ArrowFunctionExpression":{"enter":[null]},"ClassMethod":{"enter":[null]},"ClassPrivateMethod":{"enter":[null]},"ForInStatement":{"enter":[null]},"ForOfStatement":{"enter":[null]}},"options":{}},{"key":"transform-literals","visitor":{"NumericLiteral":{"enter":[null]},"StringLiteral":{"enter":[null]},"_exploded":true,"_verified":true},"options":{}},{"key":"transform-template-literals","visitor":{"TaggedTemplateExpression":{"enter":[null]},"TemplateLiteral":{"enter":[null]},"_exploded":true,"_verified":true},"options":{}},{"key":"transform-parameters","visitor":{"_exploded":true,"_verified":true,"FunctionDeclaration":{"enter":[null]},"FunctionExpression":{"enter":[null]},"ObjectMethod":{"enter":[null]},"ArrowFunctionExpression":{"enter":[null]},"ClassMethod":{"enter":[null]},"ClassPrivateMethod":{"enter":[null]}},"options":{}},{"key":"transform-exponentiation-operator","visitor":{"AssignmentExpression":{"enter":[null]},"BinaryExpression":{"enter":[null]},"_exploded":true,"_verified":true},"options":{}}],"presets":[],"generatorOpts":{"filename":"/home/leeaus/FinalExam/FinalAssign/client/packages/ddp-server/server_convenience.js","comments":true,"compact":false,"sourceMaps":true,"sourceFileName":"packages/ddp-server/server_convenience.js"}},"code":"if (process.env.DDP_DEFAULT_CONNECTION_URL) {\n  __meteor_runtime_config__.DDP_DEFAULT_CONNECTION_URL = process.env.DDP_DEFAULT_CONNECTION_URL;\n}\n\nMeteor.server = new Server();\n\nMeteor.refresh = function (notification) {\n  DDPServer._InvalidationCrossbar.fire(notification);\n}; // Proxy the public methods of Meteor.server so they can\n// be called directly on Meteor.\n\n\n_.each(['publish', 'methods', 'call', 'apply', 'onConnection', 'onMessage'], function (name) {\n  Meteor[name] = _.bind(Meteor.server[name], Meteor.server);\n}); // Meteor.server used to be called Meteor.default_server. Provide\n// backcompat as a courtesy even though it was never documented.\n// XXX COMPAT WITH 0.6.4\n\n\nMeteor.default_server = Meteor.server;","map":{"version":3,"sources":["packages/ddp-server/server_convenience.js"],"names":["process","env","DDP_DEFAULT_CONNECTION_URL","__meteor_runtime_config__","Meteor","server","Server","refresh","notification","DDPServer","_InvalidationCrossbar","fire","_","each","name","bind","default_server"],"mappings":"AAAA,IAAIA,OAAO,CAACC,GAAR,CAAYC,0BAAhB,EAA4C;AAC1CC,EAAAA,yBAAyB,CAACD,0BAA1B,GACEF,OAAO,CAACC,GAAR,CAAYC,0BADd;AAED;;AAEDE,MAAM,CAACC,MAAP,GAAgB,IAAIC,MAAJ,EAAhB;;AAEAF,MAAM,CAACG,OAAP,GAAiB,UAAUC,YAAV,EAAwB;AACvCC,EAAAA,SAAS,CAACC,qBAAV,CAAgCC,IAAhC,CAAqCH,YAArC;AACD,CAFD,C,CAIA;AACA;;;AACAI,CAAC,CAACC,IAAF,CAAO,CAAC,SAAD,EAAY,SAAZ,EAAuB,MAAvB,EAA+B,OAA/B,EAAwC,cAAxC,EAAwD,WAAxD,CAAP,EACO,UAAUC,IAAV,EAAgB;AACdV,EAAAA,MAAM,CAACU,IAAD,CAAN,GAAeF,CAAC,CAACG,IAAF,CAAOX,MAAM,CAACC,MAAP,CAAcS,IAAd,CAAP,EAA4BV,MAAM,CAACC,MAAnC,CAAf;AACD,CAHR,E,CAKA;AACA;AACA;;;AACAD,MAAM,CAACY,cAAP,GAAwBZ,MAAM,CAACC,MAA/B","sourcesContent":["if (process.env.DDP_DEFAULT_CONNECTION_URL) {\n  __meteor_runtime_config__.DDP_DEFAULT_CONNECTION_URL =\n    process.env.DDP_DEFAULT_CONNECTION_URL;\n}\n\nMeteor.server = new Server;\n\nMeteor.refresh = function (notification) {\n  DDPServer._InvalidationCrossbar.fire(notification);\n};\n\n// Proxy the public methods of Meteor.server so they can\n// be called directly on Meteor.\n_.each(['publish', 'methods', 'call', 'apply', 'onConnection', 'onMessage'],\n       function (name) {\n         Meteor[name] = _.bind(Meteor.server[name], Meteor.server);\n       });\n\n// Meteor.server used to be called Meteor.default_server. Provide\n// backcompat as a courtesy even though it was never documented.\n// XXX COMPAT WITH 0.6.4\nMeteor.default_server = Meteor.server;\n"]},"sourceType":"module","hash":"108e2a9c2c20425f39335d37c6967a61d907d700"}
