{"metadata":{},"options":{"compact":false,"sourceMaps":true,"ast":true,"babelrc":false,"configFile":false,"parserOpts":{"sourceType":"module","sourceFileName":"/home/leeaus/FinalExam/FinalAssign/client/packages/ddp-client/client/client_convenience.js","plugins":["*","flow","jsx","asyncGenerators","bigInt","classPrivateMethods","classPrivateProperties","classProperties","doExpressions","dynamicImport","exportDefaultFrom","exportExtensions","exportNamespaceFrom","functionBind","functionSent","importMeta","nullishCoalescingOperator","numericSeparator","objectRestSpread","optionalCatchBinding","optionalChaining",["pipelineOperator",{"proposal":"minimal"}],"throwExpressions","classProperties","classPrivateProperties","jsx","nullishCoalescingOperator","nullishCoalescingOperator","optionalChaining","optionalChaining","optionalCatchBinding","optionalCatchBinding","classProperties","classPrivateProperties","classPrivateMethods","classProperties","classPrivateProperties","asyncGenerators","asyncGenerators","objectRestSpread","objectRestSpread"],"allowImportExportEverywhere":true,"allowReturnOutsideFunction":true,"allowUndeclaredExports":true,"strictMode":false},"caller":{"name":"meteor","arch":"web.browser"},"sourceFileName":"packages/ddp-client/client/client_convenience.js","filename":"/home/leeaus/FinalExam/FinalAssign/client/packages/ddp-client/client/client_convenience.js","passPerPreset":false,"envName":"development","cwd":"/home/leeaus/FinalExam/FinalAssign/client","root":"/home/leeaus/FinalExam/FinalAssign/client","plugins":[{"key":"base$0","visitor":{"_exploded":true,"_verified":true},"options":{}},{"key":"base$0$0","visitor":{"Program":{"enter":[null],"exit":[null]},"_exploded":true,"_verified":true},"options":{"avoidModernSyntax":false,"enforceStrictMode":false,"dynamicImport":true,"generateLetDeclarations":true}},{"key":"transform-runtime","visitor":{"CallExpression":{"enter":[null]},"BinaryExpression":{"enter":[null]},"MemberExpression":{"enter":[null],"exit":[null]},"_exploded":true,"_verified":true,"Identifier":{"enter":[null]},"JSXIdentifier":{"enter":[null]}},"options":{"version":"7.9.2","helpers":true,"useESModules":false,"corejs":false}},{"key":"proposal-class-properties","visitor":{"PrivateName":{"enter":[null]},"ExportDefaultDeclaration":{"enter":[null]},"_exploded":true,"_verified":true,"ClassExpression":{"enter":[null]},"ClassDeclaration":{"enter":[null]}},"options":{"loose":true}},{"key":"transform-react-jsx","visitor":{"_exploded":{},"_verified":{},"JSXNamespacedName":{"enter":[null]},"JSXSpreadChild":{"enter":[null]},"JSXElement":{"exit":[null]},"JSXFragment":{"exit":[null]},"Program":{"enter":[null],"exit":[null]},"JSXAttribute":{"enter":[null]}},"options":{"pragma":"React.createElement","pragmaFrag":"React.Fragment","runtime":"classic","throwIfNamespace":true,"useBuiltIns":false}},{"key":"transform-react-display-name","visitor":{"ExportDefaultDeclaration":{"enter":[null]},"CallExpression":{"enter":[null]},"_exploded":true,"_verified":true},"options":{}},{"key":"syntax-nullish-coalescing-operator","visitor":{"_exploded":true,"_verified":true},"options":{}},{"key":"proposal-nullish-coalescing-operator","visitor":{"_exploded":{},"_verified":{},"LogicalExpression":{"enter":[null]}},"options":{}},{"key":"syntax-optional-chaining","visitor":{"_exploded":true,"_verified":true},"options":{}},{"key":"proposal-optional-chaining","visitor":{"_exploded":{},"_verified":{},"OptionalCallExpression":{"enter":[null]},"OptionalMemberExpression":{"enter":[null]}},"options":{}},{"key":"syntax-optional-catch-binding","visitor":{"_exploded":true,"_verified":true},"options":{}},{"key":"proposal-optional-catch-binding","visitor":{"_exploded":{},"_verified":{},"CatchClause":{"enter":[null]}},"options":{}},{"key":"syntax-class-properties","visitor":{"_exploded":true,"_verified":true},"options":{}},{"key":"proposal-class-properties","visitor":{"PrivateName":{"enter":[null]},"ExportDefaultDeclaration":{"enter":[null]},"_exploded":true,"_verified":true,"ClassExpression":{"enter":[null]},"ClassDeclaration":{"enter":[null]}},"options":{}},{"key":"syntax-async-generators","visitor":{"_exploded":true,"_verified":true},"options":{}},{"key":"proposal-async-generator-functions","visitor":{"_exploded":{},"_verified":{},"Program":{"enter":[null]}},"options":{}},{"key":"syntax-object-rest-spread","visitor":{"_exploded":true,"_verified":true},"options":{}},{"key":"proposal-object-rest-spread","visitor":{"_exploded":{},"_verified":{},"VariableDeclarator":{"enter":[null]},"ExportNamedDeclaration":{"enter":[null]},"CatchClause":{"enter":[null]},"AssignmentExpression":{"enter":[null]},"ArrayPattern":{"enter":[null]},"ObjectExpression":{"enter":[null]},"FunctionDeclaration":{"enter":[null]},"FunctionExpression":{"enter":[null]},"ObjectMethod":{"enter":[null]},"ArrowFunctionExpression":{"enter":[null]},"ClassMethod":{"enter":[null]},"ClassPrivateMethod":{"enter":[null]},"ForInStatement":{"enter":[null]},"ForOfStatement":{"enter":[null]}},"options":{}},{"key":"transform-literals","visitor":{"NumericLiteral":{"enter":[null]},"StringLiteral":{"enter":[null]},"_exploded":true,"_verified":true},"options":{}},{"key":"transform-template-literals","visitor":{"TaggedTemplateExpression":{"enter":[null]},"TemplateLiteral":{"enter":[null]},"_exploded":true,"_verified":true},"options":{}},{"key":"transform-parameters","visitor":{"_exploded":true,"_verified":true,"FunctionDeclaration":{"enter":[null]},"FunctionExpression":{"enter":[null]},"ObjectMethod":{"enter":[null]},"ArrowFunctionExpression":{"enter":[null]},"ClassMethod":{"enter":[null]},"ClassPrivateMethod":{"enter":[null]}},"options":{}},{"key":"transform-exponentiation-operator","visitor":{"AssignmentExpression":{"enter":[null]},"BinaryExpression":{"enter":[null]},"_exploded":true,"_verified":true},"options":{}}],"presets":[],"generatorOpts":{"filename":"/home/leeaus/FinalExam/FinalAssign/client/packages/ddp-client/client/client_convenience.js","comments":true,"compact":false,"sourceMaps":true,"sourceFileName":"packages/ddp-client/client/client_convenience.js"}},"code":"let DDP;\nmodule.link(\"../common/namespace.js\", {\n  DDP(v) {\n    DDP = v;\n  }\n\n}, 0);\nlet Meteor;\nmodule.link(\"meteor/meteor\", {\n  Meteor(v) {\n    Meteor = v;\n  }\n\n}, 1);\n\n// Meteor.refresh can be called on the client (if you're in common code) but it\n// only has an effect on the server.\nMeteor.refresh = () => {}; // By default, try to connect back to the same endpoint as the page\n// was served from.\n//\n// XXX We should be doing this a different way. Right now we don't\n// include ROOT_URL_PATH_PREFIX when computing ddpUrl. (We don't\n// include it on the server when computing\n// DDP_DEFAULT_CONNECTION_URL, and we don't include it in our\n// default, '/'.) We get by with this because DDP.connect then\n// forces the URL passed to it to be interpreted relative to the\n// app's deploy path, even if it is absolute. Instead, we should\n// make DDP_DEFAULT_CONNECTION_URL, if set, include the path prefix;\n// make the default ddpUrl be '' rather that '/'; and make\n// _translateUrl in stream_client_common.js not force absolute paths\n// to be treated like relative paths. See also\n// stream_client_common.js #RationalizingRelativeDDPURLs\n\n\nvar ddpUrl = '/';\n\nif (typeof __meteor_runtime_config__ !== 'undefined') {\n  if (__meteor_runtime_config__.DDP_DEFAULT_CONNECTION_URL) ddpUrl = __meteor_runtime_config__.DDP_DEFAULT_CONNECTION_URL;\n}\n\nvar retry = new Retry();\n\nfunction onDDPVersionNegotiationFailure(description) {\n  Meteor._debug(description);\n\n  if (Package.reload) {\n    var migrationData = Package.reload.Reload._migrationData('livedata') || Object.create(null);\n    var failures = migrationData.DDPVersionNegotiationFailures || 0;\n    ++failures;\n\n    Package.reload.Reload._onMigrate('livedata', () => {\n      return [true, {\n        DDPVersionNegotiationFailures: failures\n      }];\n    });\n\n    retry.retryLater(failures, () => {\n      Package.reload.Reload._reload();\n    });\n  }\n}\n\nMeteor.connection = DDP.connect(ddpUrl, {\n  onDDPVersionNegotiationFailure: onDDPVersionNegotiationFailure\n}); // Proxy the public methods of Meteor.connection so they can\n// be called directly on Meteor.\n\n['subscribe', 'methods', 'call', 'apply', 'status', 'reconnect', 'disconnect'].forEach(name => {\n  Meteor[name] = Meteor.connection[name].bind(Meteor.connection);\n}); // Meteor.connection used to be called\n// Meteor.default_connection. Provide backcompat as a courtesy even\n// though it was never documented.\n// XXX COMPAT WITH 0.6.4\n\nMeteor.default_connection = Meteor.connection; // We should transition from Meteor.connect to DDP.connect.\n// XXX COMPAT WITH 0.6.4\n\nMeteor.connect = DDP.connect;","map":{"version":3,"sources":["packages/ddp-client/client/client_convenience.js"],"names":["DDP","module","link","v","Meteor","refresh","ddpUrl","__meteor_runtime_config__","DDP_DEFAULT_CONNECTION_URL","retry","Retry","onDDPVersionNegotiationFailure","description","_debug","Package","reload","migrationData","Reload","_migrationData","Object","create","failures","DDPVersionNegotiationFailures","_onMigrate","retryLater","_reload","connection","connect","forEach","name","bind","default_connection"],"mappings":"AAAA,IAAIA,GAAJ;AAAQC,MAAM,CAACC,IAAP,CAAY,wBAAZ,EAAqC;AAACF,EAAAA,GAAG,CAACG,CAAD,EAAG;AAACH,IAAAA,GAAG,GAACG,CAAJ;AAAM;;AAAd,CAArC,EAAqD,CAArD;AAAwD,IAAIC,MAAJ;AAAWH,MAAM,CAACC,IAAP,CAAY,eAAZ,EAA4B;AAACE,EAAAA,MAAM,CAACD,CAAD,EAAG;AAACC,IAAAA,MAAM,GAACD,CAAP;AAAS;;AAApB,CAA5B,EAAkD,CAAlD;;AAG3E;AACA;AACAC,MAAM,CAACC,OAAP,GAAiB,MAAM,CAAE,CAAzB,C,CAEA;AACA;AACA;AACA;AACA;AACA;AACA;AACA;AACA;AACA;AACA;AACA;AACA;AACA;AACA;;;AACA,IAAIC,MAAM,GAAG,GAAb;;AACA,IAAI,OAAOC,yBAAP,KAAqC,WAAzC,EAAsD;AACpD,MAAIA,yBAAyB,CAACC,0BAA9B,EACEF,MAAM,GAAGC,yBAAyB,CAACC,0BAAnC;AACH;;AAED,IAAIC,KAAK,GAAG,IAAIC,KAAJ,EAAZ;;AAEA,SAASC,8BAAT,CAAwCC,WAAxC,EAAqD;AACnDR,EAAAA,MAAM,CAACS,MAAP,CAAcD,WAAd;;AACA,MAAIE,OAAO,CAACC,MAAZ,EAAoB;AAClB,QAAIC,aAAa,GACfF,OAAO,CAACC,MAAR,CAAeE,MAAf,CAAsBC,cAAtB,CAAqC,UAArC,KACAC,MAAM,CAACC,MAAP,CAAc,IAAd,CAFF;AAGA,QAAIC,QAAQ,GAAGL,aAAa,CAACM,6BAAd,IAA+C,CAA9D;AACA,MAAED,QAAF;;AACAP,IAAAA,OAAO,CAACC,MAAR,CAAeE,MAAf,CAAsBM,UAAtB,CAAiC,UAAjC,EAA6C,MAAM;AACjD,aAAO,CAAC,IAAD,EAAO;AAAED,QAAAA,6BAA6B,EAAED;AAAjC,OAAP,CAAP;AACD,KAFD;;AAGAZ,IAAAA,KAAK,CAACe,UAAN,CAAiBH,QAAjB,EAA2B,MAAM;AAC/BP,MAAAA,OAAO,CAACC,MAAR,CAAeE,MAAf,CAAsBQ,OAAtB;AACD,KAFD;AAGD;AACF;;AAEDrB,MAAM,CAACsB,UAAP,GAAoB1B,GAAG,CAAC2B,OAAJ,CAAYrB,MAAZ,EAAoB;AACtCK,EAAAA,8BAA8B,EAAEA;AADM,CAApB,CAApB,C,CAIA;AACA;;AACA,CACE,WADF,EAEE,SAFF,EAGE,MAHF,EAIE,OAJF,EAKE,QALF,EAME,WANF,EAOE,YAPF,EAQEiB,OARF,CAQUC,IAAI,IAAI;AAChBzB,EAAAA,MAAM,CAACyB,IAAD,CAAN,GAAezB,MAAM,CAACsB,UAAP,CAAkBG,IAAlB,EAAwBC,IAAxB,CAA6B1B,MAAM,CAACsB,UAApC,CAAf;AACD,CAVD,E,CAYA;AACA;AACA;AACA;;AACAtB,MAAM,CAAC2B,kBAAP,GAA4B3B,MAAM,CAACsB,UAAnC,C,CAEA;AACA;;AACAtB,MAAM,CAACuB,OAAP,GAAiB3B,GAAG,CAAC2B,OAArB","sourcesContent":["import { DDP } from '../common/namespace.js';\nimport { Meteor } from 'meteor/meteor';\n\n// Meteor.refresh can be called on the client (if you're in common code) but it\n// only has an effect on the server.\nMeteor.refresh = () => {};\n\n// By default, try to connect back to the same endpoint as the page\n// was served from.\n//\n// XXX We should be doing this a different way. Right now we don't\n// include ROOT_URL_PATH_PREFIX when computing ddpUrl. (We don't\n// include it on the server when computing\n// DDP_DEFAULT_CONNECTION_URL, and we don't include it in our\n// default, '/'.) We get by with this because DDP.connect then\n// forces the URL passed to it to be interpreted relative to the\n// app's deploy path, even if it is absolute. Instead, we should\n// make DDP_DEFAULT_CONNECTION_URL, if set, include the path prefix;\n// make the default ddpUrl be '' rather that '/'; and make\n// _translateUrl in stream_client_common.js not force absolute paths\n// to be treated like relative paths. See also\n// stream_client_common.js #RationalizingRelativeDDPURLs\nvar ddpUrl = '/';\nif (typeof __meteor_runtime_config__ !== 'undefined') {\n  if (__meteor_runtime_config__.DDP_DEFAULT_CONNECTION_URL)\n    ddpUrl = __meteor_runtime_config__.DDP_DEFAULT_CONNECTION_URL;\n}\n\nvar retry = new Retry();\n\nfunction onDDPVersionNegotiationFailure(description) {\n  Meteor._debug(description);\n  if (Package.reload) {\n    var migrationData =\n      Package.reload.Reload._migrationData('livedata') ||\n      Object.create(null);\n    var failures = migrationData.DDPVersionNegotiationFailures || 0;\n    ++failures;\n    Package.reload.Reload._onMigrate('livedata', () => {\n      return [true, { DDPVersionNegotiationFailures: failures }];\n    });\n    retry.retryLater(failures, () => {\n      Package.reload.Reload._reload();\n    });\n  }\n}\n\nMeteor.connection = DDP.connect(ddpUrl, {\n  onDDPVersionNegotiationFailure: onDDPVersionNegotiationFailure\n});\n\n// Proxy the public methods of Meteor.connection so they can\n// be called directly on Meteor.\n[\n  'subscribe',\n  'methods',\n  'call',\n  'apply',\n  'status',\n  'reconnect',\n  'disconnect'\n].forEach(name => {\n  Meteor[name] = Meteor.connection[name].bind(Meteor.connection);\n});\n\n// Meteor.connection used to be called\n// Meteor.default_connection. Provide backcompat as a courtesy even\n// though it was never documented.\n// XXX COMPAT WITH 0.6.4\nMeteor.default_connection = Meteor.connection;\n\n// We should transition from Meteor.connect to DDP.connect.\n// XXX COMPAT WITH 0.6.4\nMeteor.connect = DDP.connect;\n"]},"sourceType":"module","hash":"1f49ac32f04c995938ef4026e3e2d61ed199e73c"}
