{"metadata":{},"options":{"compact":false,"sourceMaps":true,"ast":true,"babelrc":false,"configFile":false,"parserOpts":{"sourceType":"module","sourceFileName":"/home/leeaus/FinalExam/FinalAssign/client/packages/diff-sequence/diff.js","plugins":["*","flow","jsx","asyncGenerators","bigInt","classPrivateMethods","classPrivateProperties","classProperties","doExpressions","dynamicImport","exportDefaultFrom","exportExtensions","exportNamespaceFrom","functionBind","functionSent","importMeta","nullishCoalescingOperator","numericSeparator","objectRestSpread","optionalCatchBinding","optionalChaining",["pipelineOperator",{"proposal":"minimal"}],"throwExpressions","classProperties","classPrivateProperties","jsx","nullishCoalescingOperator","nullishCoalescingOperator","optionalChaining","optionalChaining","optionalCatchBinding","optionalCatchBinding","classProperties","classPrivateProperties","classPrivateMethods","classProperties","classPrivateProperties","asyncGenerators","asyncGenerators","objectRestSpread","objectRestSpread"],"allowImportExportEverywhere":true,"allowReturnOutsideFunction":true,"allowUndeclaredExports":true,"strictMode":false},"caller":{"name":"meteor","arch":"web.browser.legacy"},"sourceFileName":"packages/diff-sequence/diff.js","filename":"/home/leeaus/FinalExam/FinalAssign/client/packages/diff-sequence/diff.js","passPerPreset":false,"envName":"development","cwd":"/home/leeaus/FinalExam/FinalAssign/client","root":"/home/leeaus/FinalExam/FinalAssign/client","plugins":[{"key":"base$0","visitor":{"_exploded":true,"_verified":true},"options":{}},{"key":"base$0$0","visitor":{"Program":{"enter":[null],"exit":[null]},"_exploded":true,"_verified":true},"options":{"avoidModernSyntax":true,"enforceStrictMode":false,"dynamicImport":true}},{"key":"transform-runtime","visitor":{"CallExpression":{"enter":[null]},"BinaryExpression":{"enter":[null]},"MemberExpression":{"enter":[null],"exit":[null]},"_exploded":true,"_verified":true,"Identifier":{"enter":[null]},"JSXIdentifier":{"enter":[null]}},"options":{"version":"7.9.2","helpers":true,"useESModules":false,"corejs":false}},{"key":"proposal-class-properties","visitor":{"PrivateName":{"enter":[null]},"ExportDefaultDeclaration":{"enter":[null]},"_exploded":true,"_verified":true,"ClassExpression":{"enter":[null]},"ClassDeclaration":{"enter":[null]}},"options":{"loose":true}},{"key":"base$0$3","visitor":{"FunctionExpression":{"exit":[null]},"_exploded":true,"_verified":true},"options":{}},{"key":"base$0$4","visitor":{"ForInStatement":{"enter":[null]},"_exploded":true,"_verified":true},"options":{}},{"key":"transform-react-jsx","visitor":{"_exploded":{},"_verified":{},"JSXNamespacedName":{"enter":[null]},"JSXSpreadChild":{"enter":[null]},"JSXElement":{"exit":[null]},"JSXFragment":{"exit":[null]},"Program":{"enter":[null],"exit":[null]},"JSXAttribute":{"enter":[null]}},"options":{"pragma":"React.createElement","pragmaFrag":"React.Fragment","runtime":"classic","throwIfNamespace":true,"useBuiltIns":false}},{"key":"transform-react-display-name","visitor":{"ExportDefaultDeclaration":{"enter":[null]},"CallExpression":{"enter":[null]},"_exploded":true,"_verified":true},"options":{}},{"key":"syntax-nullish-coalescing-operator","visitor":{"_exploded":true,"_verified":true},"options":{}},{"key":"proposal-nullish-coalescing-operator","visitor":{"_exploded":{},"_verified":{},"LogicalExpression":{"enter":[null]}},"options":{}},{"key":"syntax-optional-chaining","visitor":{"_exploded":true,"_verified":true},"options":{}},{"key":"proposal-optional-chaining","visitor":{"_exploded":{},"_verified":{},"OptionalCallExpression":{"enter":[null]},"OptionalMemberExpression":{"enter":[null]}},"options":{}},{"key":"syntax-optional-catch-binding","visitor":{"_exploded":true,"_verified":true},"options":{}},{"key":"proposal-optional-catch-binding","visitor":{"_exploded":{},"_verified":{},"CatchClause":{"enter":[null]}},"options":{}},{"key":"syntax-class-properties","visitor":{"_exploded":true,"_verified":true},"options":{}},{"key":"proposal-class-properties","visitor":{"PrivateName":{"enter":[null]},"ExportDefaultDeclaration":{"enter":[null]},"_exploded":true,"_verified":true,"ClassExpression":{"enter":[null]},"ClassDeclaration":{"enter":[null]}},"options":{}},{"key":"syntax-async-generators","visitor":{"_exploded":true,"_verified":true},"options":{}},{"key":"proposal-async-generator-functions","visitor":{"_exploded":{},"_verified":{},"Program":{"enter":[null]}},"options":{}},{"key":"syntax-object-rest-spread","visitor":{"_exploded":true,"_verified":true},"options":{}},{"key":"proposal-object-rest-spread","visitor":{"_exploded":{},"_verified":{},"VariableDeclarator":{"enter":[null]},"ExportNamedDeclaration":{"enter":[null]},"CatchClause":{"enter":[null]},"AssignmentExpression":{"enter":[null]},"ArrayPattern":{"enter":[null]},"ObjectExpression":{"enter":[null]},"FunctionDeclaration":{"enter":[null]},"FunctionExpression":{"enter":[null]},"ObjectMethod":{"enter":[null]},"ArrowFunctionExpression":{"enter":[null]},"ClassMethod":{"enter":[null]},"ClassPrivateMethod":{"enter":[null]},"ForInStatement":{"enter":[null]},"ForOfStatement":{"enter":[null]}},"options":{}},{"key":"transform-arrow-functions","visitor":{"ArrowFunctionExpression":{"enter":[null]},"_exploded":true,"_verified":true},"options":{}},{"key":"transform-block-scoped-functions","visitor":{"BlockStatement":{"enter":[null]},"SwitchCase":{"enter":[null]},"_exploded":true,"_verified":true},"options":{}},{"key":"transform-block-scoping","visitor":{"VariableDeclaration":{"enter":[null]},"CatchClause":{"enter":[null]},"_exploded":true,"BlockStatement":{"enter":[null]},"SwitchStatement":{"enter":[null]},"Program":{"enter":[null]},"_verified":true,"DoWhileStatement":{"enter":[null]},"ForInStatement":{"enter":[null]},"ForStatement":{"enter":[null]},"WhileStatement":{"enter":[null]},"ForOfStatement":{"enter":[null]}},"options":{}},{"key":"transform-classes","visitor":{"ExportDefaultDeclaration":{"enter":[null]},"ClassDeclaration":{"enter":[null]},"ClassExpression":{"enter":[null]},"_exploded":true,"_verified":true},"options":{"loose":true}},{"key":"transform-computed-properties","visitor":{"ObjectExpression":{"exit":[null]},"_exploded":true,"_verified":true},"options":{"loose":true}},{"key":"transform-destructuring","visitor":{"ExportNamedDeclaration":{"enter":[null]},"CatchClause":{"enter":[null]},"AssignmentExpression":{"enter":[null]},"VariableDeclaration":{"enter":[null]},"_exploded":true,"_verified":true,"ForInStatement":{"enter":[null]},"ForOfStatement":{"enter":[null]}},"options":{}},{"key":"transform-for-of","visitor":{"ForOfStatement":{"enter":[null]},"_exploded":true,"_verified":true},"options":{"loose":true}},{"key":"transform-literals","visitor":{"NumericLiteral":{"enter":[null]},"StringLiteral":{"enter":[null]},"_exploded":true,"_verified":true},"options":{}},{"key":"transform-object-super","visitor":{"ObjectExpression":{"enter":[null]},"_exploded":true,"_verified":true},"options":{}},{"key":"transform-parameters","visitor":{"_exploded":true,"_verified":true,"FunctionDeclaration":{"enter":[null]},"FunctionExpression":{"enter":[null]},"ObjectMethod":{"enter":[null]},"ArrowFunctionExpression":{"enter":[null]},"ClassMethod":{"enter":[null]},"ClassPrivateMethod":{"enter":[null]}},"options":{}},{"key":"transform-shorthand-properties","visitor":{"ObjectMethod":{"enter":[null]},"ObjectProperty":{"enter":[null]},"_exploded":true,"_verified":true},"options":{}},{"key":"transform-spread","visitor":{"ArrayExpression":{"enter":[null]},"CallExpression":{"enter":[null]},"NewExpression":{"enter":[null]},"_exploded":true,"_verified":true},"options":{}},{"key":"transform-sticky-regex","visitor":{"RegExpLiteral":{"enter":[null]},"_exploded":true,"_verified":true},"options":{}},{"key":"transform-template-literals","visitor":{"TaggedTemplateExpression":{"enter":[null]},"TemplateLiteral":{"enter":[null]},"_exploded":true,"_verified":true},"options":{"loose":true}},{"key":"transform-typeof-symbol","visitor":{"UnaryExpression":{"enter":[null]},"_exploded":true,"_verified":true,"BlockStatement":{"enter":[null]},"CatchClause":{"enter":[null]},"DoWhileStatement":{"enter":[null]},"ForInStatement":{"enter":[null]},"ForStatement":{"enter":[null]},"FunctionDeclaration":{"enter":[null]},"FunctionExpression":{"enter":[null]},"Program":{"enter":[null]},"ObjectMethod":{"enter":[null]},"SwitchStatement":{"enter":[null]},"WhileStatement":{"enter":[null]},"ArrowFunctionExpression":{"enter":[null]},"ClassExpression":{"enter":[null]},"ClassDeclaration":{"enter":[null]},"ForOfStatement":{"enter":[null]},"ClassMethod":{"enter":[null]},"ClassPrivateMethod":{"enter":[null]},"TSModuleBlock":{"enter":[null]},"AssignmentPattern":{"enter":[null]},"ArrayPattern":{"enter":[null]},"ObjectPattern":{"enter":[null]}},"options":{}},{"key":"transform-unicode-regex","visitor":{"RegExpLiteral":{"enter":[null]},"_exploded":true,"_verified":true},"options":{}},{"key":"transform-property-literals","visitor":{"ObjectProperty":{"exit":[null]},"_exploded":true,"_verified":true},"options":{}},{"key":"transform-exponentiation-operator","visitor":{"AssignmentExpression":{"enter":[null]},"BinaryExpression":{"enter":[null]},"_exploded":true,"_verified":true},"options":{}},{"key":"regenerator-transform","visitor":{"_exploded":true,"_verified":true,"ObjectMethod":{"enter":[null],"exit":[null]},"ClassMethod":{"enter":[null],"exit":[null]},"ClassPrivateMethod":{"enter":[null],"exit":[null]},"FunctionDeclaration":{"exit":[null]},"FunctionExpression":{"exit":[null]},"ArrowFunctionExpression":{"exit":[null]}},"options":{}}],"presets":[],"generatorOpts":{"filename":"/home/leeaus/FinalExam/FinalAssign/client/packages/diff-sequence/diff.js","comments":true,"compact":false,"sourceMaps":true,"sourceFileName":"packages/diff-sequence/diff.js"}},"code":"module.export({\n  DiffSequence: function () {\n    return DiffSequence;\n  }\n});\nvar DiffSequence = {};\nvar hasOwn = Object.prototype.hasOwnProperty;\n\nfunction isObjEmpty(obj) {\n  for (var key in meteorBabelHelpers.sanitizeForInObject(Object(obj))) {\n    if (hasOwn.call(obj, key)) {\n      return false;\n    }\n  }\n\n  return true;\n} // ordered: bool.\n// old_results and new_results: collections of documents.\n//    if ordered, they are arrays.\n//    if unordered, they are IdMaps\n\n\nDiffSequence.diffQueryChanges = function (ordered, oldResults, newResults, observer, options) {\n  if (ordered) DiffSequence.diffQueryOrderedChanges(oldResults, newResults, observer, options);else DiffSequence.diffQueryUnorderedChanges(oldResults, newResults, observer, options);\n};\n\nDiffSequence.diffQueryUnorderedChanges = function (oldResults, newResults, observer, options) {\n  options = options || {};\n  var projectionFn = options.projectionFn || EJSON.clone;\n\n  if (observer.movedBefore) {\n    throw new Error(\"_diffQueryUnordered called with a movedBefore observer!\");\n  }\n\n  newResults.forEach(function (newDoc, id) {\n    var oldDoc = oldResults.get(id);\n\n    if (oldDoc) {\n      if (observer.changed && !EJSON.equals(oldDoc, newDoc)) {\n        var projectedNew = projectionFn(newDoc);\n        var projectedOld = projectionFn(oldDoc);\n        var changedFields = DiffSequence.makeChangedFields(projectedNew, projectedOld);\n\n        if (!isObjEmpty(changedFields)) {\n          observer.changed(id, changedFields);\n        }\n      }\n    } else if (observer.added) {\n      var fields = projectionFn(newDoc);\n      delete fields._id;\n      observer.added(newDoc._id, fields);\n    }\n  });\n\n  if (observer.removed) {\n    oldResults.forEach(function (oldDoc, id) {\n      if (!newResults.has(id)) observer.removed(id);\n    });\n  }\n};\n\nDiffSequence.diffQueryOrderedChanges = function (old_results, new_results, observer, options) {\n  options = options || {};\n  var projectionFn = options.projectionFn || EJSON.clone;\n  var new_presence_of_id = {};\n  new_results.forEach(function (doc) {\n    if (new_presence_of_id[doc._id]) Meteor._debug(\"Duplicate _id in new_results\");\n    new_presence_of_id[doc._id] = true;\n  });\n  var old_index_of_id = {};\n  old_results.forEach(function (doc, i) {\n    if (doc._id in old_index_of_id) Meteor._debug(\"Duplicate _id in old_results\");\n    old_index_of_id[doc._id] = i;\n  }); // ALGORITHM:\n  //\n  // To determine which docs should be considered \"moved\" (and which\n  // merely change position because of other docs moving) we run\n  // a \"longest common subsequence\" (LCS) algorithm.  The LCS of the\n  // old doc IDs and the new doc IDs gives the docs that should NOT be\n  // considered moved.\n  // To actually call the appropriate callbacks to get from the old state to the\n  // new state:\n  // First, we call removed() on all the items that only appear in the old\n  // state.\n  // Then, once we have the items that should not move, we walk through the new\n  // results array group-by-group, where a \"group\" is a set of items that have\n  // moved, anchored on the end by an item that should not move.  One by one, we\n  // move each of those elements into place \"before\" the anchoring end-of-group\n  // item, and fire changed events on them if necessary.  Then we fire a changed\n  // event on the anchor, and move on to the next group.  There is always at\n  // least one group; the last group is anchored by a virtual \"null\" id at the\n  // end.\n  // Asymptotically: O(N k) where k is number of ops, or potentially\n  // O(N log N) if inner loop of LCS were made to be binary search.\n  //////// LCS (longest common sequence, with respect to _id)\n  // (see Wikipedia article on Longest Increasing Subsequence,\n  // where the LIS is taken of the sequence of old indices of the\n  // docs in new_results)\n  //\n  // unmoved: the output of the algorithm; members of the LCS,\n  // in the form of indices into new_results\n\n  var unmoved = []; // max_seq_len: length of LCS found so far\n\n  var max_seq_len = 0; // seq_ends[i]: the index into new_results of the last doc in a\n  // common subsequence of length of i+1 <= max_seq_len\n\n  var N = new_results.length;\n  var seq_ends = new Array(N); // ptrs:  the common subsequence ending with new_results[n] extends\n  // a common subsequence ending with new_results[ptr[n]], unless\n  // ptr[n] is -1.\n\n  var ptrs = new Array(N); // virtual sequence of old indices of new results\n\n  var old_idx_seq = function (i_new) {\n    return old_index_of_id[new_results[i_new]._id];\n  }; // for each item in new_results, use it to extend a common subsequence\n  // of length j <= max_seq_len\n\n\n  for (var i = 0; i < N; i++) {\n    if (old_index_of_id[new_results[i]._id] !== undefined) {\n      var j = max_seq_len; // this inner loop would traditionally be a binary search,\n      // but scanning backwards we will likely find a subseq to extend\n      // pretty soon, bounded for example by the total number of ops.\n      // If this were to be changed to a binary search, we'd still want\n      // to scan backwards a bit as an optimization.\n\n      while (j > 0) {\n        if (old_idx_seq(seq_ends[j - 1]) < old_idx_seq(i)) break;\n        j--;\n      }\n\n      ptrs[i] = j === 0 ? -1 : seq_ends[j - 1];\n      seq_ends[j] = i;\n      if (j + 1 > max_seq_len) max_seq_len = j + 1;\n    }\n  } // pull out the LCS/LIS into unmoved\n\n\n  var idx = max_seq_len === 0 ? -1 : seq_ends[max_seq_len - 1];\n\n  while (idx >= 0) {\n    unmoved.push(idx);\n    idx = ptrs[idx];\n  } // the unmoved item list is built backwards, so fix that\n\n\n  unmoved.reverse(); // the last group is always anchored by the end of the result list, which is\n  // an id of \"null\"\n\n  unmoved.push(new_results.length);\n  old_results.forEach(function (doc) {\n    if (!new_presence_of_id[doc._id]) observer.removed && observer.removed(doc._id);\n  }); // for each group of things in the new_results that is anchored by an unmoved\n  // element, iterate through the things before it.\n\n  var startOfGroup = 0;\n  unmoved.forEach(function (endOfGroup) {\n    var groupId = new_results[endOfGroup] ? new_results[endOfGroup]._id : null;\n    var oldDoc, newDoc, fields, projectedNew, projectedOld;\n\n    for (var i = startOfGroup; i < endOfGroup; i++) {\n      newDoc = new_results[i];\n\n      if (!hasOwn.call(old_index_of_id, newDoc._id)) {\n        fields = projectionFn(newDoc);\n        delete fields._id;\n        observer.addedBefore && observer.addedBefore(newDoc._id, fields, groupId);\n        observer.added && observer.added(newDoc._id, fields);\n      } else {\n        // moved\n        oldDoc = old_results[old_index_of_id[newDoc._id]];\n        projectedNew = projectionFn(newDoc);\n        projectedOld = projectionFn(oldDoc);\n        fields = DiffSequence.makeChangedFields(projectedNew, projectedOld);\n\n        if (!isObjEmpty(fields)) {\n          observer.changed && observer.changed(newDoc._id, fields);\n        }\n\n        observer.movedBefore && observer.movedBefore(newDoc._id, groupId);\n      }\n    }\n\n    if (groupId) {\n      newDoc = new_results[endOfGroup];\n      oldDoc = old_results[old_index_of_id[newDoc._id]];\n      projectedNew = projectionFn(newDoc);\n      projectedOld = projectionFn(oldDoc);\n      fields = DiffSequence.makeChangedFields(projectedNew, projectedOld);\n\n      if (!isObjEmpty(fields)) {\n        observer.changed && observer.changed(newDoc._id, fields);\n      }\n    }\n\n    startOfGroup = endOfGroup + 1;\n  });\n}; // General helper for diff-ing two objects.\n// callbacks is an object like so:\n// { leftOnly: function (key, leftValue) {...},\n//   rightOnly: function (key, rightValue) {...},\n//   both: function (key, leftValue, rightValue) {...},\n// }\n\n\nDiffSequence.diffObjects = function (left, right, callbacks) {\n  Object.keys(left).forEach(function (key) {\n    var leftValue = left[key];\n\n    if (hasOwn.call(right, key)) {\n      callbacks.both && callbacks.both(key, leftValue, right[key]);\n    } else {\n      callbacks.leftOnly && callbacks.leftOnly(key, leftValue);\n    }\n  });\n\n  if (callbacks.rightOnly) {\n    Object.keys(right).forEach(function (key) {\n      var rightValue = right[key];\n\n      if (!hasOwn.call(left, key)) {\n        callbacks.rightOnly(key, rightValue);\n      }\n    });\n  }\n};\n\nDiffSequence.diffMaps = function (left, right, callbacks) {\n  left.forEach(function (leftValue, key) {\n    if (right.has(key)) {\n      callbacks.both && callbacks.both(key, leftValue, right.get(key));\n    } else {\n      callbacks.leftOnly && callbacks.leftOnly(key, leftValue);\n    }\n  });\n\n  if (callbacks.rightOnly) {\n    right.forEach(function (rightValue, key) {\n      if (!left.has(key)) {\n        callbacks.rightOnly(key, rightValue);\n      }\n    });\n  }\n};\n\nDiffSequence.makeChangedFields = function (newDoc, oldDoc) {\n  var fields = {};\n  DiffSequence.diffObjects(oldDoc, newDoc, {\n    leftOnly: function (key, value) {\n      fields[key] = undefined;\n    },\n    rightOnly: function (key, value) {\n      fields[key] = value;\n    },\n    both: function (key, leftValue, rightValue) {\n      if (!EJSON.equals(leftValue, rightValue)) fields[key] = rightValue;\n    }\n  });\n  return fields;\n};\n\nDiffSequence.applyChanges = function (doc, changeFields) {\n  Object.keys(changeFields).forEach(function (key) {\n    var value = changeFields[key];\n\n    if (typeof value === \"undefined\") {\n      delete doc[key];\n    } else {\n      doc[key] = value;\n    }\n  });\n};","map":{"version":3,"sources":["packages/diff-sequence/diff.js"],"names":["module","export","DiffSequence","hasOwn","Object","prototype","hasOwnProperty","isObjEmpty","obj","key","call","diffQueryChanges","ordered","oldResults","newResults","observer","options","diffQueryOrderedChanges","diffQueryUnorderedChanges","projectionFn","EJSON","clone","movedBefore","Error","forEach","newDoc","id","oldDoc","get","changed","equals","projectedNew","projectedOld","changedFields","makeChangedFields","added","fields","_id","removed","has","old_results","new_results","new_presence_of_id","doc","Meteor","_debug","old_index_of_id","i","unmoved","max_seq_len","N","length","seq_ends","Array","ptrs","old_idx_seq","i_new","undefined","j","idx","push","reverse","startOfGroup","endOfGroup","groupId","addedBefore","diffObjects","left","right","callbacks","keys","leftValue","both","leftOnly","rightOnly","rightValue","diffMaps","value","applyChanges","changeFields"],"mappings":"AAAAA,MAAM,CAACC,MAAP,CAAc;AAACC,EAAAA,YAAY,EAAC,YAAU;AAAC,WAAOA,YAAP;AAAoB;AAA7C,CAAd;AAAO,IAAMA,YAAY,GAAG,EAArB;AAEP,IAAMC,MAAM,GAAGC,MAAM,CAACC,SAAP,CAAiBC,cAAhC;;AAEA,SAASC,UAAT,CAAoBC,GAApB,EAAyB;AACvB,OAAK,IAAIC,GAAT,2CAAgBL,MAAM,CAACI,GAAD,CAAtB,GAA6B;AAC3B,QAAIL,MAAM,CAACO,IAAP,CAAYF,GAAZ,EAAiBC,GAAjB,CAAJ,EAA2B;AACzB,aAAO,KAAP;AACD;AACF;;AACD,SAAO,IAAP;AACD,C,CAED;AACA;AACA;AACA;;;AACAP,YAAY,CAACS,gBAAb,GAAgC,UAAUC,OAAV,EAAmBC,UAAnB,EAA+BC,UAA/B,EACcC,QADd,EACwBC,OADxB,EACiC;AAC/D,MAAIJ,OAAJ,EACEV,YAAY,CAACe,uBAAb,CACEJ,UADF,EACcC,UADd,EAC0BC,QAD1B,EACoCC,OADpC,EADF,KAIEd,YAAY,CAACgB,yBAAb,CACEL,UADF,EACcC,UADd,EAC0BC,QAD1B,EACoCC,OADpC;AAEH,CARD;;AAUAd,YAAY,CAACgB,yBAAb,GAAyC,UAAUL,UAAV,EAAsBC,UAAtB,EACcC,QADd,EACwBC,OADxB,EACiC;AACxEA,EAAAA,OAAO,GAAGA,OAAO,IAAI,EAArB;AACA,MAAIG,YAAY,GAAGH,OAAO,CAACG,YAAR,IAAwBC,KAAK,CAACC,KAAjD;;AAEA,MAAIN,QAAQ,CAACO,WAAb,EAA0B;AACxB,UAAM,IAAIC,KAAJ,CAAU,yDAAV,CAAN;AACD;;AAEDT,EAAAA,UAAU,CAACU,OAAX,CAAmB,UAAUC,MAAV,EAAkBC,EAAlB,EAAsB;AACvC,QAAIC,MAAM,GAAGd,UAAU,CAACe,GAAX,CAAeF,EAAf,CAAb;;AACA,QAAIC,MAAJ,EAAY;AACV,UAAIZ,QAAQ,CAACc,OAAT,IAAoB,CAACT,KAAK,CAACU,MAAN,CAAaH,MAAb,EAAqBF,MAArB,CAAzB,EAAuD;AACrD,YAAIM,YAAY,GAAGZ,YAAY,CAACM,MAAD,CAA/B;AACA,YAAIO,YAAY,GAAGb,YAAY,CAACQ,MAAD,CAA/B;AACA,YAAIM,aAAa,GACX/B,YAAY,CAACgC,iBAAb,CAA+BH,YAA/B,EAA6CC,YAA7C,CADN;;AAEA,YAAI,CAAEzB,UAAU,CAAC0B,aAAD,CAAhB,EAAiC;AAC/BlB,UAAAA,QAAQ,CAACc,OAAT,CAAiBH,EAAjB,EAAqBO,aAArB;AACD;AACF;AACF,KAVD,MAUO,IAAIlB,QAAQ,CAACoB,KAAb,EAAoB;AACzB,UAAIC,MAAM,GAAGjB,YAAY,CAACM,MAAD,CAAzB;AACA,aAAOW,MAAM,CAACC,GAAd;AACAtB,MAAAA,QAAQ,CAACoB,KAAT,CAAeV,MAAM,CAACY,GAAtB,EAA2BD,MAA3B;AACD;AACF,GAjBD;;AAmBA,MAAIrB,QAAQ,CAACuB,OAAb,EAAsB;AACpBzB,IAAAA,UAAU,CAACW,OAAX,CAAmB,UAAUG,MAAV,EAAkBD,EAAlB,EAAsB;AACvC,UAAI,CAACZ,UAAU,CAACyB,GAAX,CAAeb,EAAf,CAAL,EACEX,QAAQ,CAACuB,OAAT,CAAiBZ,EAAjB;AACH,KAHD;AAID;AACF,CAlCD;;AAoCAxB,YAAY,CAACe,uBAAb,GAAuC,UAAUuB,WAAV,EAAuBC,WAAvB,EACc1B,QADd,EACwBC,OADxB,EACiC;AACtEA,EAAAA,OAAO,GAAGA,OAAO,IAAI,EAArB;AACA,MAAIG,YAAY,GAAGH,OAAO,CAACG,YAAR,IAAwBC,KAAK,CAACC,KAAjD;AAEA,MAAIqB,kBAAkB,GAAG,EAAzB;AACAD,EAAAA,WAAW,CAACjB,OAAZ,CAAoB,UAAUmB,GAAV,EAAe;AACjC,QAAID,kBAAkB,CAACC,GAAG,CAACN,GAAL,CAAtB,EACEO,MAAM,CAACC,MAAP,CAAc,8BAAd;AACFH,IAAAA,kBAAkB,CAACC,GAAG,CAACN,GAAL,CAAlB,GAA8B,IAA9B;AACD,GAJD;AAMA,MAAIS,eAAe,GAAG,EAAtB;AACAN,EAAAA,WAAW,CAAChB,OAAZ,CAAoB,UAAUmB,GAAV,EAAeI,CAAf,EAAkB;AACpC,QAAIJ,GAAG,CAACN,GAAJ,IAAWS,eAAf,EACEF,MAAM,CAACC,MAAP,CAAc,8BAAd;AACFC,IAAAA,eAAe,CAACH,GAAG,CAACN,GAAL,CAAf,GAA2BU,CAA3B;AACD,GAJD,EAZsE,CAkBtE;AACA;AACA;AACA;AACA;AACA;AACA;AAEA;AACA;AAEA;AACA;AAEA;AACA;AACA;AACA;AACA;AACA;AACA;AACA;AAEA;AACA;AAGA;AACA;AACA;AACA;AACA;AACA;AACA;;AACA,MAAIC,OAAO,GAAG,EAAd,CApDsE,CAqDtE;;AACA,MAAIC,WAAW,GAAG,CAAlB,CAtDsE,CAuDtE;AACA;;AACA,MAAIC,CAAC,GAAGT,WAAW,CAACU,MAApB;AACA,MAAIC,QAAQ,GAAG,IAAIC,KAAJ,CAAUH,CAAV,CAAf,CA1DsE,CA2DtE;AACA;AACA;;AACA,MAAII,IAAI,GAAG,IAAID,KAAJ,CAAUH,CAAV,CAAX,CA9DsE,CA+DtE;;AACA,MAAIK,WAAW,GAAG,UAASC,KAAT,EAAgB;AAChC,WAAOV,eAAe,CAACL,WAAW,CAACe,KAAD,CAAX,CAAmBnB,GAApB,CAAtB;AACD,GAFD,CAhEsE,CAmEtE;AACA;;;AACA,OAAI,IAAIU,CAAC,GAAC,CAAV,EAAaA,CAAC,GAACG,CAAf,EAAkBH,CAAC,EAAnB,EAAuB;AACrB,QAAID,eAAe,CAACL,WAAW,CAACM,CAAD,CAAX,CAAeV,GAAhB,CAAf,KAAwCoB,SAA5C,EAAuD;AACrD,UAAIC,CAAC,GAAGT,WAAR,CADqD,CAErD;AACA;AACA;AACA;AACA;;AACA,aAAOS,CAAC,GAAG,CAAX,EAAc;AACZ,YAAIH,WAAW,CAACH,QAAQ,CAACM,CAAC,GAAC,CAAH,CAAT,CAAX,GAA6BH,WAAW,CAACR,CAAD,CAA5C,EACE;AACFW,QAAAA,CAAC;AACF;;AAEDJ,MAAAA,IAAI,CAACP,CAAD,CAAJ,GAAWW,CAAC,KAAK,CAAN,GAAU,CAAC,CAAX,GAAeN,QAAQ,CAACM,CAAC,GAAC,CAAH,CAAlC;AACAN,MAAAA,QAAQ,CAACM,CAAD,CAAR,GAAcX,CAAd;AACA,UAAIW,CAAC,GAAC,CAAF,GAAMT,WAAV,EACEA,WAAW,GAAGS,CAAC,GAAC,CAAhB;AACH;AACF,GAxFqE,CA0FtE;;;AACA,MAAIC,GAAG,GAAIV,WAAW,KAAK,CAAhB,GAAoB,CAAC,CAArB,GAAyBG,QAAQ,CAACH,WAAW,GAAC,CAAb,CAA5C;;AACA,SAAOU,GAAG,IAAI,CAAd,EAAiB;AACfX,IAAAA,OAAO,CAACY,IAAR,CAAaD,GAAb;AACAA,IAAAA,GAAG,GAAGL,IAAI,CAACK,GAAD,CAAV;AACD,GA/FqE,CAgGtE;;;AACAX,EAAAA,OAAO,CAACa,OAAR,GAjGsE,CAmGtE;AACA;;AACAb,EAAAA,OAAO,CAACY,IAAR,CAAanB,WAAW,CAACU,MAAzB;AAEAX,EAAAA,WAAW,CAAChB,OAAZ,CAAoB,UAAUmB,GAAV,EAAe;AACjC,QAAI,CAACD,kBAAkB,CAACC,GAAG,CAACN,GAAL,CAAvB,EACEtB,QAAQ,CAACuB,OAAT,IAAoBvB,QAAQ,CAACuB,OAAT,CAAiBK,GAAG,CAACN,GAArB,CAApB;AACH,GAHD,EAvGsE,CA4GtE;AACA;;AACA,MAAIyB,YAAY,GAAG,CAAnB;AACAd,EAAAA,OAAO,CAACxB,OAAR,CAAgB,UAAUuC,UAAV,EAAsB;AACpC,QAAIC,OAAO,GAAGvB,WAAW,CAACsB,UAAD,CAAX,GAA0BtB,WAAW,CAACsB,UAAD,CAAX,CAAwB1B,GAAlD,GAAwD,IAAtE;AACA,QAAIV,MAAJ,EAAYF,MAAZ,EAAoBW,MAApB,EAA4BL,YAA5B,EAA0CC,YAA1C;;AACA,SAAK,IAAIe,CAAC,GAAGe,YAAb,EAA2Bf,CAAC,GAAGgB,UAA/B,EAA2ChB,CAAC,EAA5C,EAAgD;AAC9CtB,MAAAA,MAAM,GAAGgB,WAAW,CAACM,CAAD,CAApB;;AACA,UAAI,CAAC5C,MAAM,CAACO,IAAP,CAAYoC,eAAZ,EAA6BrB,MAAM,CAACY,GAApC,CAAL,EAA+C;AAC7CD,QAAAA,MAAM,GAAGjB,YAAY,CAACM,MAAD,CAArB;AACA,eAAOW,MAAM,CAACC,GAAd;AACAtB,QAAAA,QAAQ,CAACkD,WAAT,IAAwBlD,QAAQ,CAACkD,WAAT,CAAqBxC,MAAM,CAACY,GAA5B,EAAiCD,MAAjC,EAAyC4B,OAAzC,CAAxB;AACAjD,QAAAA,QAAQ,CAACoB,KAAT,IAAkBpB,QAAQ,CAACoB,KAAT,CAAeV,MAAM,CAACY,GAAtB,EAA2BD,MAA3B,CAAlB;AACD,OALD,MAKO;AACL;AACAT,QAAAA,MAAM,GAAGa,WAAW,CAACM,eAAe,CAACrB,MAAM,CAACY,GAAR,CAAhB,CAApB;AACAN,QAAAA,YAAY,GAAGZ,YAAY,CAACM,MAAD,CAA3B;AACAO,QAAAA,YAAY,GAAGb,YAAY,CAACQ,MAAD,CAA3B;AACAS,QAAAA,MAAM,GAAGlC,YAAY,CAACgC,iBAAb,CAA+BH,YAA/B,EAA6CC,YAA7C,CAAT;;AACA,YAAI,CAACzB,UAAU,CAAC6B,MAAD,CAAf,EAAyB;AACvBrB,UAAAA,QAAQ,CAACc,OAAT,IAAoBd,QAAQ,CAACc,OAAT,CAAiBJ,MAAM,CAACY,GAAxB,EAA6BD,MAA7B,CAApB;AACD;;AACDrB,QAAAA,QAAQ,CAACO,WAAT,IAAwBP,QAAQ,CAACO,WAAT,CAAqBG,MAAM,CAACY,GAA5B,EAAiC2B,OAAjC,CAAxB;AACD;AACF;;AACD,QAAIA,OAAJ,EAAa;AACXvC,MAAAA,MAAM,GAAGgB,WAAW,CAACsB,UAAD,CAApB;AACApC,MAAAA,MAAM,GAAGa,WAAW,CAACM,eAAe,CAACrB,MAAM,CAACY,GAAR,CAAhB,CAApB;AACAN,MAAAA,YAAY,GAAGZ,YAAY,CAACM,MAAD,CAA3B;AACAO,MAAAA,YAAY,GAAGb,YAAY,CAACQ,MAAD,CAA3B;AACAS,MAAAA,MAAM,GAAGlC,YAAY,CAACgC,iBAAb,CAA+BH,YAA/B,EAA6CC,YAA7C,CAAT;;AACA,UAAI,CAACzB,UAAU,CAAC6B,MAAD,CAAf,EAAyB;AACvBrB,QAAAA,QAAQ,CAACc,OAAT,IAAoBd,QAAQ,CAACc,OAAT,CAAiBJ,MAAM,CAACY,GAAxB,EAA6BD,MAA7B,CAApB;AACD;AACF;;AACD0B,IAAAA,YAAY,GAAGC,UAAU,GAAC,CAA1B;AACD,GAjCD;AAoCD,CApJD,C,CAuJA;AACA;AACA;AACA;AACA;AACA;;;AACA7D,YAAY,CAACgE,WAAb,GAA2B,UAAUC,IAAV,EAAgBC,KAAhB,EAAuBC,SAAvB,EAAkC;AAC3DjE,EAAAA,MAAM,CAACkE,IAAP,CAAYH,IAAZ,EAAkB3C,OAAlB,CAA0B,UAAAf,GAAG,EAAI;AAC/B,QAAM8D,SAAS,GAAGJ,IAAI,CAAC1D,GAAD,CAAtB;;AACA,QAAIN,MAAM,CAACO,IAAP,CAAY0D,KAAZ,EAAmB3D,GAAnB,CAAJ,EAA6B;AAC3B4D,MAAAA,SAAS,CAACG,IAAV,IAAkBH,SAAS,CAACG,IAAV,CAAe/D,GAAf,EAAoB8D,SAApB,EAA+BH,KAAK,CAAC3D,GAAD,CAApC,CAAlB;AACD,KAFD,MAEO;AACL4D,MAAAA,SAAS,CAACI,QAAV,IAAsBJ,SAAS,CAACI,QAAV,CAAmBhE,GAAnB,EAAwB8D,SAAxB,CAAtB;AACD;AACF,GAPD;;AASA,MAAIF,SAAS,CAACK,SAAd,EAAyB;AACvBtE,IAAAA,MAAM,CAACkE,IAAP,CAAYF,KAAZ,EAAmB5C,OAAnB,CAA2B,UAAAf,GAAG,EAAI;AAChC,UAAMkE,UAAU,GAAGP,KAAK,CAAC3D,GAAD,CAAxB;;AACA,UAAI,CAAEN,MAAM,CAACO,IAAP,CAAYyD,IAAZ,EAAkB1D,GAAlB,CAAN,EAA8B;AAC5B4D,QAAAA,SAAS,CAACK,SAAV,CAAoBjE,GAApB,EAAyBkE,UAAzB;AACD;AACF,KALD;AAMD;AACF,CAlBD;;AAoBAzE,YAAY,CAAC0E,QAAb,GAAwB,UAAUT,IAAV,EAAgBC,KAAhB,EAAuBC,SAAvB,EAAkC;AACxDF,EAAAA,IAAI,CAAC3C,OAAL,CAAa,UAAU+C,SAAV,EAAqB9D,GAArB,EAA0B;AACrC,QAAI2D,KAAK,CAAC7B,GAAN,CAAU9B,GAAV,CAAJ,EAAmB;AACjB4D,MAAAA,SAAS,CAACG,IAAV,IAAkBH,SAAS,CAACG,IAAV,CAAe/D,GAAf,EAAoB8D,SAApB,EAA+BH,KAAK,CAACxC,GAAN,CAAUnB,GAAV,CAA/B,CAAlB;AACD,KAFD,MAEO;AACL4D,MAAAA,SAAS,CAACI,QAAV,IAAsBJ,SAAS,CAACI,QAAV,CAAmBhE,GAAnB,EAAwB8D,SAAxB,CAAtB;AACD;AACF,GAND;;AAQA,MAAIF,SAAS,CAACK,SAAd,EAAyB;AACvBN,IAAAA,KAAK,CAAC5C,OAAN,CAAc,UAAUmD,UAAV,EAAsBlE,GAAtB,EAA2B;AACvC,UAAI,CAAC0D,IAAI,CAAC5B,GAAL,CAAS9B,GAAT,CAAL,EAAmB;AACjB4D,QAAAA,SAAS,CAACK,SAAV,CAAoBjE,GAApB,EAAyBkE,UAAzB;AACD;AACF,KAJD;AAKD;AACF,CAhBD;;AAmBAzE,YAAY,CAACgC,iBAAb,GAAiC,UAAUT,MAAV,EAAkBE,MAAlB,EAA0B;AACzD,MAAIS,MAAM,GAAG,EAAb;AACAlC,EAAAA,YAAY,CAACgE,WAAb,CAAyBvC,MAAzB,EAAiCF,MAAjC,EAAyC;AACvCgD,IAAAA,QAAQ,EAAE,UAAUhE,GAAV,EAAeoE,KAAf,EAAsB;AAC9BzC,MAAAA,MAAM,CAAC3B,GAAD,CAAN,GAAcgD,SAAd;AACD,KAHsC;AAIvCiB,IAAAA,SAAS,EAAE,UAAUjE,GAAV,EAAeoE,KAAf,EAAsB;AAC/BzC,MAAAA,MAAM,CAAC3B,GAAD,CAAN,GAAcoE,KAAd;AACD,KANsC;AAOvCL,IAAAA,IAAI,EAAE,UAAU/D,GAAV,EAAe8D,SAAf,EAA0BI,UAA1B,EAAsC;AAC1C,UAAI,CAACvD,KAAK,CAACU,MAAN,CAAayC,SAAb,EAAwBI,UAAxB,CAAL,EACEvC,MAAM,CAAC3B,GAAD,CAAN,GAAckE,UAAd;AACH;AAVsC,GAAzC;AAYA,SAAOvC,MAAP;AACD,CAfD;;AAiBAlC,YAAY,CAAC4E,YAAb,GAA4B,UAAUnC,GAAV,EAAeoC,YAAf,EAA6B;AACvD3E,EAAAA,MAAM,CAACkE,IAAP,CAAYS,YAAZ,EAA0BvD,OAA1B,CAAkC,UAAAf,GAAG,EAAI;AACvC,QAAMoE,KAAK,GAAGE,YAAY,CAACtE,GAAD,CAA1B;;AACA,QAAI,OAAOoE,KAAP,KAAiB,WAArB,EAAkC;AAChC,aAAOlC,GAAG,CAAClC,GAAD,CAAV;AACD,KAFD,MAEO;AACLkC,MAAAA,GAAG,CAAClC,GAAD,CAAH,GAAWoE,KAAX;AACD;AACF,GAPD;AAQD,CATD","sourcesContent":["export const DiffSequence = {};\n\nconst hasOwn = Object.prototype.hasOwnProperty;\n\nfunction isObjEmpty(obj) {\n  for (let key in Object(obj)) {\n    if (hasOwn.call(obj, key)) {\n      return false;\n    }\n  }\n  return true;\n}\n\n// ordered: bool.\n// old_results and new_results: collections of documents.\n//    if ordered, they are arrays.\n//    if unordered, they are IdMaps\nDiffSequence.diffQueryChanges = function (ordered, oldResults, newResults,\n                                              observer, options) {\n  if (ordered)\n    DiffSequence.diffQueryOrderedChanges(\n      oldResults, newResults, observer, options);\n  else\n    DiffSequence.diffQueryUnorderedChanges(\n      oldResults, newResults, observer, options);\n};\n\nDiffSequence.diffQueryUnorderedChanges = function (oldResults, newResults,\n                                                       observer, options) {\n  options = options || {};\n  var projectionFn = options.projectionFn || EJSON.clone;\n\n  if (observer.movedBefore) {\n    throw new Error(\"_diffQueryUnordered called with a movedBefore observer!\");\n  }\n\n  newResults.forEach(function (newDoc, id) {\n    var oldDoc = oldResults.get(id);\n    if (oldDoc) {\n      if (observer.changed && !EJSON.equals(oldDoc, newDoc)) {\n        var projectedNew = projectionFn(newDoc);\n        var projectedOld = projectionFn(oldDoc);\n        var changedFields =\n              DiffSequence.makeChangedFields(projectedNew, projectedOld);\n        if (! isObjEmpty(changedFields)) {\n          observer.changed(id, changedFields);\n        }\n      }\n    } else if (observer.added) {\n      var fields = projectionFn(newDoc);\n      delete fields._id;\n      observer.added(newDoc._id, fields);\n    }\n  });\n\n  if (observer.removed) {\n    oldResults.forEach(function (oldDoc, id) {\n      if (!newResults.has(id))\n        observer.removed(id);\n    });\n  }\n};\n\nDiffSequence.diffQueryOrderedChanges = function (old_results, new_results,\n                                                     observer, options) {\n  options = options || {};\n  var projectionFn = options.projectionFn || EJSON.clone;\n\n  var new_presence_of_id = {};\n  new_results.forEach(function (doc) {\n    if (new_presence_of_id[doc._id])\n      Meteor._debug(\"Duplicate _id in new_results\");\n    new_presence_of_id[doc._id] = true;\n  });\n\n  var old_index_of_id = {};\n  old_results.forEach(function (doc, i) {\n    if (doc._id in old_index_of_id)\n      Meteor._debug(\"Duplicate _id in old_results\");\n    old_index_of_id[doc._id] = i;\n  });\n\n  // ALGORITHM:\n  //\n  // To determine which docs should be considered \"moved\" (and which\n  // merely change position because of other docs moving) we run\n  // a \"longest common subsequence\" (LCS) algorithm.  The LCS of the\n  // old doc IDs and the new doc IDs gives the docs that should NOT be\n  // considered moved.\n\n  // To actually call the appropriate callbacks to get from the old state to the\n  // new state:\n\n  // First, we call removed() on all the items that only appear in the old\n  // state.\n\n  // Then, once we have the items that should not move, we walk through the new\n  // results array group-by-group, where a \"group\" is a set of items that have\n  // moved, anchored on the end by an item that should not move.  One by one, we\n  // move each of those elements into place \"before\" the anchoring end-of-group\n  // item, and fire changed events on them if necessary.  Then we fire a changed\n  // event on the anchor, and move on to the next group.  There is always at\n  // least one group; the last group is anchored by a virtual \"null\" id at the\n  // end.\n\n  // Asymptotically: O(N k) where k is number of ops, or potentially\n  // O(N log N) if inner loop of LCS were made to be binary search.\n\n\n  //////// LCS (longest common sequence, with respect to _id)\n  // (see Wikipedia article on Longest Increasing Subsequence,\n  // where the LIS is taken of the sequence of old indices of the\n  // docs in new_results)\n  //\n  // unmoved: the output of the algorithm; members of the LCS,\n  // in the form of indices into new_results\n  var unmoved = [];\n  // max_seq_len: length of LCS found so far\n  var max_seq_len = 0;\n  // seq_ends[i]: the index into new_results of the last doc in a\n  // common subsequence of length of i+1 <= max_seq_len\n  var N = new_results.length;\n  var seq_ends = new Array(N);\n  // ptrs:  the common subsequence ending with new_results[n] extends\n  // a common subsequence ending with new_results[ptr[n]], unless\n  // ptr[n] is -1.\n  var ptrs = new Array(N);\n  // virtual sequence of old indices of new results\n  var old_idx_seq = function(i_new) {\n    return old_index_of_id[new_results[i_new]._id];\n  };\n  // for each item in new_results, use it to extend a common subsequence\n  // of length j <= max_seq_len\n  for(var i=0; i<N; i++) {\n    if (old_index_of_id[new_results[i]._id] !== undefined) {\n      var j = max_seq_len;\n      // this inner loop would traditionally be a binary search,\n      // but scanning backwards we will likely find a subseq to extend\n      // pretty soon, bounded for example by the total number of ops.\n      // If this were to be changed to a binary search, we'd still want\n      // to scan backwards a bit as an optimization.\n      while (j > 0) {\n        if (old_idx_seq(seq_ends[j-1]) < old_idx_seq(i))\n          break;\n        j--;\n      }\n\n      ptrs[i] = (j === 0 ? -1 : seq_ends[j-1]);\n      seq_ends[j] = i;\n      if (j+1 > max_seq_len)\n        max_seq_len = j+1;\n    }\n  }\n\n  // pull out the LCS/LIS into unmoved\n  var idx = (max_seq_len === 0 ? -1 : seq_ends[max_seq_len-1]);\n  while (idx >= 0) {\n    unmoved.push(idx);\n    idx = ptrs[idx];\n  }\n  // the unmoved item list is built backwards, so fix that\n  unmoved.reverse();\n\n  // the last group is always anchored by the end of the result list, which is\n  // an id of \"null\"\n  unmoved.push(new_results.length);\n\n  old_results.forEach(function (doc) {\n    if (!new_presence_of_id[doc._id])\n      observer.removed && observer.removed(doc._id);\n  });\n\n  // for each group of things in the new_results that is anchored by an unmoved\n  // element, iterate through the things before it.\n  var startOfGroup = 0;\n  unmoved.forEach(function (endOfGroup) {\n    var groupId = new_results[endOfGroup] ? new_results[endOfGroup]._id : null;\n    var oldDoc, newDoc, fields, projectedNew, projectedOld;\n    for (var i = startOfGroup; i < endOfGroup; i++) {\n      newDoc = new_results[i];\n      if (!hasOwn.call(old_index_of_id, newDoc._id)) {\n        fields = projectionFn(newDoc);\n        delete fields._id;\n        observer.addedBefore && observer.addedBefore(newDoc._id, fields, groupId);\n        observer.added && observer.added(newDoc._id, fields);\n      } else {\n        // moved\n        oldDoc = old_results[old_index_of_id[newDoc._id]];\n        projectedNew = projectionFn(newDoc);\n        projectedOld = projectionFn(oldDoc);\n        fields = DiffSequence.makeChangedFields(projectedNew, projectedOld);\n        if (!isObjEmpty(fields)) {\n          observer.changed && observer.changed(newDoc._id, fields);\n        }\n        observer.movedBefore && observer.movedBefore(newDoc._id, groupId);\n      }\n    }\n    if (groupId) {\n      newDoc = new_results[endOfGroup];\n      oldDoc = old_results[old_index_of_id[newDoc._id]];\n      projectedNew = projectionFn(newDoc);\n      projectedOld = projectionFn(oldDoc);\n      fields = DiffSequence.makeChangedFields(projectedNew, projectedOld);\n      if (!isObjEmpty(fields)) {\n        observer.changed && observer.changed(newDoc._id, fields);\n      }\n    }\n    startOfGroup = endOfGroup+1;\n  });\n\n\n};\n\n\n// General helper for diff-ing two objects.\n// callbacks is an object like so:\n// { leftOnly: function (key, leftValue) {...},\n//   rightOnly: function (key, rightValue) {...},\n//   both: function (key, leftValue, rightValue) {...},\n// }\nDiffSequence.diffObjects = function (left, right, callbacks) {\n  Object.keys(left).forEach(key => {\n    const leftValue = left[key];\n    if (hasOwn.call(right, key)) {\n      callbacks.both && callbacks.both(key, leftValue, right[key]);\n    } else {\n      callbacks.leftOnly && callbacks.leftOnly(key, leftValue);\n    }\n  });\n\n  if (callbacks.rightOnly) {\n    Object.keys(right).forEach(key => {\n      const rightValue = right[key];\n      if (! hasOwn.call(left, key)) {\n        callbacks.rightOnly(key, rightValue);\n      }\n    });\n  }\n};\n\nDiffSequence.diffMaps = function (left, right, callbacks) {\n  left.forEach(function (leftValue, key) {\n    if (right.has(key)){\n      callbacks.both && callbacks.both(key, leftValue, right.get(key));\n    } else {\n      callbacks.leftOnly && callbacks.leftOnly(key, leftValue);\n    }\n  });\n\n  if (callbacks.rightOnly) {\n    right.forEach(function (rightValue, key) {\n      if (!left.has(key)){\n        callbacks.rightOnly(key, rightValue);\n      }\n    });\n  }\n};\n\n\nDiffSequence.makeChangedFields = function (newDoc, oldDoc) {\n  var fields = {};\n  DiffSequence.diffObjects(oldDoc, newDoc, {\n    leftOnly: function (key, value) {\n      fields[key] = undefined;\n    },\n    rightOnly: function (key, value) {\n      fields[key] = value;\n    },\n    both: function (key, leftValue, rightValue) {\n      if (!EJSON.equals(leftValue, rightValue))\n        fields[key] = rightValue;\n    }\n  });\n  return fields;\n};\n\nDiffSequence.applyChanges = function (doc, changeFields) {\n  Object.keys(changeFields).forEach(key => {\n    const value = changeFields[key];\n    if (typeof value === \"undefined\") {\n      delete doc[key];\n    } else {\n      doc[key] = value;\n    }\n  });\n};\n\n"]},"sourceType":"module","hash":"247e57968e3dae7e8348905ff2d6cb4039d0f89b"}
