{"metadata":{},"options":{"compact":false,"sourceMaps":true,"ast":true,"babelrc":false,"configFile":false,"parserOpts":{"sourceType":"module","sourceFileName":"/home/leeaus/FinalExam/FinalAssign/client/client/main.js","plugins":["*","flow","jsx","asyncGenerators","bigInt","classPrivateMethods","classPrivateProperties","classProperties","doExpressions","dynamicImport","exportDefaultFrom","exportExtensions","exportNamespaceFrom","functionBind","functionSent","importMeta","nullishCoalescingOperator","numericSeparator","objectRestSpread","optionalCatchBinding","optionalChaining",["pipelineOperator",{"proposal":"minimal"}],"throwExpressions","classProperties","classPrivateProperties","jsx","nullishCoalescingOperator","nullishCoalescingOperator","optionalChaining","optionalChaining","optionalCatchBinding","optionalCatchBinding","classProperties","classPrivateProperties","classPrivateMethods","classProperties","classPrivateProperties","asyncGenerators","asyncGenerators","objectRestSpread","objectRestSpread"],"allowImportExportEverywhere":true,"allowReturnOutsideFunction":true,"allowUndeclaredExports":true,"strictMode":false},"caller":{"name":"meteor","arch":"web.browser"},"sourceFileName":"client/main.js","filename":"/home/leeaus/FinalExam/FinalAssign/client/client/main.js","passPerPreset":false,"envName":"development","cwd":"/home/leeaus/FinalExam/FinalAssign/client","root":"/home/leeaus/FinalExam/FinalAssign/client","plugins":[{"key":"base$0","visitor":{"_exploded":true,"_verified":true},"options":{}},{"key":"base$0$0","visitor":{"Program":{"enter":[null],"exit":[null]},"_exploded":true,"_verified":true},"options":{"avoidModernSyntax":false,"enforceStrictMode":false,"dynamicImport":true,"generateLetDeclarations":true}},{"key":"transform-runtime","visitor":{"CallExpression":{"enter":[null]},"BinaryExpression":{"enter":[null]},"MemberExpression":{"enter":[null],"exit":[null]},"_exploded":true,"_verified":true,"Identifier":{"enter":[null]},"JSXIdentifier":{"enter":[null]}},"options":{"version":"7.9.2","helpers":true,"useESModules":false,"corejs":false}},{"key":"proposal-class-properties","visitor":{"PrivateName":{"enter":[null]},"ExportDefaultDeclaration":{"enter":[null]},"_exploded":true,"_verified":true,"ClassExpression":{"enter":[null]},"ClassDeclaration":{"enter":[null]}},"options":{"loose":true}},{"key":"transform-react-jsx","visitor":{"_exploded":{},"_verified":{},"JSXNamespacedName":{"enter":[null]},"JSXSpreadChild":{"enter":[null]},"JSXElement":{"exit":[null]},"JSXFragment":{"exit":[null]},"Program":{"enter":[null],"exit":[null]},"JSXAttribute":{"enter":[null]}},"options":{"pragma":"React.createElement","pragmaFrag":"React.Fragment","runtime":"classic","throwIfNamespace":true,"useBuiltIns":false}},{"key":"transform-react-display-name","visitor":{"ExportDefaultDeclaration":{"enter":[null]},"CallExpression":{"enter":[null]},"_exploded":true,"_verified":true},"options":{}},{"key":"syntax-nullish-coalescing-operator","visitor":{"_exploded":true,"_verified":true},"options":{}},{"key":"proposal-nullish-coalescing-operator","visitor":{"_exploded":{},"_verified":{},"LogicalExpression":{"enter":[null]}},"options":{}},{"key":"syntax-optional-chaining","visitor":{"_exploded":true,"_verified":true},"options":{}},{"key":"proposal-optional-chaining","visitor":{"_exploded":{},"_verified":{},"OptionalCallExpression":{"enter":[null]},"OptionalMemberExpression":{"enter":[null]}},"options":{}},{"key":"syntax-optional-catch-binding","visitor":{"_exploded":true,"_verified":true},"options":{}},{"key":"proposal-optional-catch-binding","visitor":{"_exploded":{},"_verified":{},"CatchClause":{"enter":[null]}},"options":{}},{"key":"syntax-class-properties","visitor":{"_exploded":true,"_verified":true},"options":{}},{"key":"proposal-class-properties","visitor":{"PrivateName":{"enter":[null]},"ExportDefaultDeclaration":{"enter":[null]},"_exploded":true,"_verified":true,"ClassExpression":{"enter":[null]},"ClassDeclaration":{"enter":[null]}},"options":{}},{"key":"syntax-async-generators","visitor":{"_exploded":true,"_verified":true},"options":{}},{"key":"proposal-async-generator-functions","visitor":{"_exploded":{},"_verified":{},"Program":{"enter":[null]}},"options":{}},{"key":"syntax-object-rest-spread","visitor":{"_exploded":true,"_verified":true},"options":{}},{"key":"proposal-object-rest-spread","visitor":{"_exploded":{},"_verified":{},"VariableDeclarator":{"enter":[null]},"ExportNamedDeclaration":{"enter":[null]},"CatchClause":{"enter":[null]},"AssignmentExpression":{"enter":[null]},"ArrayPattern":{"enter":[null]},"ObjectExpression":{"enter":[null]},"FunctionDeclaration":{"enter":[null]},"FunctionExpression":{"enter":[null]},"ObjectMethod":{"enter":[null]},"ArrowFunctionExpression":{"enter":[null]},"ClassMethod":{"enter":[null]},"ClassPrivateMethod":{"enter":[null]},"ForInStatement":{"enter":[null]},"ForOfStatement":{"enter":[null]}},"options":{}},{"key":"transform-literals","visitor":{"NumericLiteral":{"enter":[null]},"StringLiteral":{"enter":[null]},"_exploded":true,"_verified":true},"options":{}},{"key":"transform-template-literals","visitor":{"TaggedTemplateExpression":{"enter":[null]},"TemplateLiteral":{"enter":[null]},"_exploded":true,"_verified":true},"options":{}},{"key":"transform-parameters","visitor":{"_exploded":true,"_verified":true,"FunctionDeclaration":{"enter":[null]},"FunctionExpression":{"enter":[null]},"ObjectMethod":{"enter":[null]},"ArrowFunctionExpression":{"enter":[null]},"ClassMethod":{"enter":[null]},"ClassPrivateMethod":{"enter":[null]}},"options":{}},{"key":"transform-exponentiation-operator","visitor":{"AssignmentExpression":{"enter":[null]},"BinaryExpression":{"enter":[null]},"_exploded":true,"_verified":true},"options":{}}],"presets":[],"generatorOpts":{"filename":"/home/leeaus/FinalExam/FinalAssign/client/client/main.js","comments":true,"compact":false,"sourceMaps":true,"sourceFileName":"client/main.js"}},"code":"let Template;\nmodule.link(\"meteor/templating\", {\n  Template(v) {\n    Template = v;\n  }\n\n}, 0);\nlet ReactiveVar;\nmodule.link(\"meteor/reactive-var\", {\n  ReactiveVar(v) {\n    ReactiveVar = v;\n  }\n\n}, 1);\nmodule.link(\"./main.html\");\nTemplate.query.events({\n  'click button'(event, instance) {\n    console.log(\"Inside button click\");\n    var name = document.getElementById(\"textStudentName\").value;\n    console.log(name); //document.getElementById(\"results\").value = name;  Just tests that the value is getting collected from the form\n\n    var collection = \"query_Students\"; //var result = \"verify\";  This tests to see if we can write something to the textarea\n\n    Meteor.call(collection.toString(), name, function (err, res) {\n      if (err) console.log(err);else {\n        console.log(\"sucessful connection\");\n        document.getElementById(\"results\").value = res;\n      }\n    });\n  }\n\n});","map":{"version":3,"sources":["client/main.js"],"names":["Template","module","link","v","ReactiveVar","query","events","event","instance","console","log","name","document","getElementById","value","collection","Meteor","call","toString","err","res"],"mappings":"AAAA,IAAIA,QAAJ;AAAaC,MAAM,CAACC,IAAP,CAAY,mBAAZ,EAAgC;AAACF,EAAAA,QAAQ,CAACG,CAAD,EAAG;AAACH,IAAAA,QAAQ,GAACG,CAAT;AAAW;;AAAxB,CAAhC,EAA0D,CAA1D;AAA6D,IAAIC,WAAJ;AAAgBH,MAAM,CAACC,IAAP,CAAY,qBAAZ,EAAkC;AAACE,EAAAA,WAAW,CAACD,CAAD,EAAG;AAACC,IAAAA,WAAW,GAACD,CAAZ;AAAc;;AAA9B,CAAlC,EAAkE,CAAlE;AAAqEF,MAAM,CAACC,IAAP,CAAY,aAAZ;AAQ/JF,QAAQ,CAACK,KAAT,CAAeC,MAAf,CAAsB;AACpB,iBAAeC,KAAf,EAAsBC,QAAtB,EAAgC;AAClCC,IAAAA,OAAO,CAACC,GAAR,CAAY,qBAAZ;AACA,QAAIC,IAAI,GAAGC,QAAQ,CAACC,cAAT,CAAwB,iBAAxB,EAA2CC,KAAtD;AACAL,IAAAA,OAAO,CAACC,GAAR,CAAYC,IAAZ,EAHkC,CAIlC;;AACA,QAAII,UAAU,GAAG,gBAAjB,CALkC,CAMlC;;AACAC,IAAAA,MAAM,CAACC,IAAP,CAAYF,UAAU,CAACG,QAAX,EAAZ,EAAmCP,IAAnC,EAAyC,UAASQ,GAAT,EAAcC,GAAd,EACxC;AACC,UAAID,GAAJ,EAASV,OAAO,CAACC,GAAR,CAAYS,GAAZ,EAAT,KAGC;AACAV,QAAAA,OAAO,CAACC,GAAR,CAAY,sBAAZ;AACAE,QAAAA,QAAQ,CAACC,cAAT,CAAwB,SAAxB,EAAmCC,KAAnC,GAA2CM,GAA3C;AACC;AACF,KATF;AAWG;;AAnBmB,CAAtB","sourcesContent":["import { Template } from 'meteor/templating';\nimport { ReactiveVar } from 'meteor/reactive-var';\n\nimport './main.html';\n\n\n\n\nTemplate.query.events({\n  'click button'(event, instance) {\nconsole.log(\"Inside button click\");\nvar name = document.getElementById(\"textStudentName\").value;\nconsole.log(name);\n//document.getElementById(\"results\").value = name;  Just tests that the value is getting collected from the form\nvar collection = \"query_Students\";\n//var result = \"verify\";  This tests to see if we can write something to the textarea\nMeteor.call(collection.toString(), name, function(err, res)\n\t{\n\t\tif (err) console.log(err);\n\n\t\telse\n\t\t\t{\n\t\t\tconsole.log(\"sucessful connection\");\n\t\t\tdocument.getElementById(\"results\").value = res;\n\t\t\t}\n\t});\n\n  },\n}); \n"]},"sourceType":"module","hash":"2e60b6923215df02d637e1f2abb255d49bd0a8a6"}
