{"metadata":{},"options":{"compact":false,"sourceMaps":true,"ast":true,"babelrc":false,"configFile":false,"parserOpts":{"sourceType":"module","sourceFileName":"/home/leeaus/FinalExam/FinalAssign/client/packages/random/createAleaGenerator.js","plugins":["*","flow","jsx","asyncGenerators","bigInt","classPrivateMethods","classPrivateProperties","classProperties","doExpressions","dynamicImport","exportDefaultFrom","exportExtensions","exportNamespaceFrom","functionBind","functionSent","importMeta","nullishCoalescingOperator","numericSeparator","objectRestSpread","optionalCatchBinding","optionalChaining",["pipelineOperator",{"proposal":"minimal"}],"throwExpressions","classProperties","classPrivateProperties","jsx","nullishCoalescingOperator","nullishCoalescingOperator","optionalChaining","optionalChaining","optionalCatchBinding","optionalCatchBinding","classProperties","classPrivateProperties","classPrivateMethods","classProperties","classPrivateProperties","asyncGenerators","asyncGenerators","objectRestSpread","objectRestSpread"],"allowImportExportEverywhere":true,"allowReturnOutsideFunction":true,"allowUndeclaredExports":true,"strictMode":false},"caller":{"name":"meteor","arch":"web.browser"},"sourceFileName":"packages/random/createAleaGenerator.js","filename":"/home/leeaus/FinalExam/FinalAssign/client/packages/random/createAleaGenerator.js","passPerPreset":false,"envName":"development","cwd":"/home/leeaus/FinalExam/FinalAssign/client","root":"/home/leeaus/FinalExam/FinalAssign/client","plugins":[{"key":"base$0","visitor":{"_exploded":true,"_verified":true},"options":{}},{"key":"base$0$0","visitor":{"Program":{"enter":[null],"exit":[null]},"_exploded":true,"_verified":true},"options":{"avoidModernSyntax":false,"enforceStrictMode":false,"dynamicImport":true,"generateLetDeclarations":true}},{"key":"transform-runtime","visitor":{"CallExpression":{"enter":[null]},"BinaryExpression":{"enter":[null]},"MemberExpression":{"enter":[null],"exit":[null]},"_exploded":true,"_verified":true,"Identifier":{"enter":[null]},"JSXIdentifier":{"enter":[null]}},"options":{"version":"7.9.2","helpers":true,"useESModules":false,"corejs":false}},{"key":"proposal-class-properties","visitor":{"PrivateName":{"enter":[null]},"ExportDefaultDeclaration":{"enter":[null]},"_exploded":true,"_verified":true,"ClassExpression":{"enter":[null]},"ClassDeclaration":{"enter":[null]}},"options":{"loose":true}},{"key":"transform-react-jsx","visitor":{"_exploded":{},"_verified":{},"JSXNamespacedName":{"enter":[null]},"JSXSpreadChild":{"enter":[null]},"JSXElement":{"exit":[null]},"JSXFragment":{"exit":[null]},"Program":{"enter":[null],"exit":[null]},"JSXAttribute":{"enter":[null]}},"options":{"pragma":"React.createElement","pragmaFrag":"React.Fragment","runtime":"classic","throwIfNamespace":true,"useBuiltIns":false}},{"key":"transform-react-display-name","visitor":{"ExportDefaultDeclaration":{"enter":[null]},"CallExpression":{"enter":[null]},"_exploded":true,"_verified":true},"options":{}},{"key":"syntax-nullish-coalescing-operator","visitor":{"_exploded":true,"_verified":true},"options":{}},{"key":"proposal-nullish-coalescing-operator","visitor":{"_exploded":{},"_verified":{},"LogicalExpression":{"enter":[null]}},"options":{}},{"key":"syntax-optional-chaining","visitor":{"_exploded":true,"_verified":true},"options":{}},{"key":"proposal-optional-chaining","visitor":{"_exploded":{},"_verified":{},"OptionalCallExpression":{"enter":[null]},"OptionalMemberExpression":{"enter":[null]}},"options":{}},{"key":"syntax-optional-catch-binding","visitor":{"_exploded":true,"_verified":true},"options":{}},{"key":"proposal-optional-catch-binding","visitor":{"_exploded":{},"_verified":{},"CatchClause":{"enter":[null]}},"options":{}},{"key":"syntax-class-properties","visitor":{"_exploded":true,"_verified":true},"options":{}},{"key":"proposal-class-properties","visitor":{"PrivateName":{"enter":[null]},"ExportDefaultDeclaration":{"enter":[null]},"_exploded":true,"_verified":true,"ClassExpression":{"enter":[null]},"ClassDeclaration":{"enter":[null]}},"options":{}},{"key":"syntax-async-generators","visitor":{"_exploded":true,"_verified":true},"options":{}},{"key":"proposal-async-generator-functions","visitor":{"_exploded":{},"_verified":{},"Program":{"enter":[null]}},"options":{}},{"key":"syntax-object-rest-spread","visitor":{"_exploded":true,"_verified":true},"options":{}},{"key":"proposal-object-rest-spread","visitor":{"_exploded":{},"_verified":{},"VariableDeclarator":{"enter":[null]},"ExportNamedDeclaration":{"enter":[null]},"CatchClause":{"enter":[null]},"AssignmentExpression":{"enter":[null]},"ArrayPattern":{"enter":[null]},"ObjectExpression":{"enter":[null]},"FunctionDeclaration":{"enter":[null]},"FunctionExpression":{"enter":[null]},"ObjectMethod":{"enter":[null]},"ArrowFunctionExpression":{"enter":[null]},"ClassMethod":{"enter":[null]},"ClassPrivateMethod":{"enter":[null]},"ForInStatement":{"enter":[null]},"ForOfStatement":{"enter":[null]}},"options":{}},{"key":"transform-literals","visitor":{"NumericLiteral":{"enter":[null]},"StringLiteral":{"enter":[null]},"_exploded":true,"_verified":true},"options":{}},{"key":"transform-template-literals","visitor":{"TaggedTemplateExpression":{"enter":[null]},"TemplateLiteral":{"enter":[null]},"_exploded":true,"_verified":true},"options":{}},{"key":"transform-parameters","visitor":{"_exploded":true,"_verified":true,"FunctionDeclaration":{"enter":[null]},"FunctionExpression":{"enter":[null]},"ObjectMethod":{"enter":[null]},"ArrowFunctionExpression":{"enter":[null]},"ClassMethod":{"enter":[null]},"ClassPrivateMethod":{"enter":[null]}},"options":{}},{"key":"transform-exponentiation-operator","visitor":{"AssignmentExpression":{"enter":[null]},"BinaryExpression":{"enter":[null]},"_exploded":true,"_verified":true},"options":{}}],"presets":[],"generatorOpts":{"filename":"/home/leeaus/FinalExam/FinalAssign/client/packages/random/createAleaGenerator.js","comments":true,"compact":false,"sourceMaps":true,"sourceFileName":"packages/random/createAleaGenerator.js"}},"code":"module.export({\n  default: () => createAleaGenerator\n});\nlet AleaRandomGenerator;\nmodule.link(\"./AleaRandomGenerator\", {\n  default(v) {\n    AleaRandomGenerator = v;\n  }\n\n}, 0);\n// instantiate RNG.  Heuristically collect entropy from various sources when a\n// cryptographic PRNG isn't available.\n// client sources\nconst height = typeof window !== 'undefined' && window.innerHeight || typeof document !== 'undefined' && document.documentElement && document.documentElement.clientHeight || typeof document !== 'undefined' && document.body && document.body.clientHeight || 1;\nconst width = typeof window !== 'undefined' && window.innerWidth || typeof document !== 'undefined' && document.documentElement && document.documentElement.clientWidth || typeof document !== 'undefined' && document.body && document.body.clientWidth || 1;\nconst agent = typeof navigator !== 'undefined' && navigator.userAgent || '';\n\nfunction createAleaGenerator() {\n  return new AleaRandomGenerator({\n    seeds: [new Date(), height, width, agent, Math.random()]\n  });\n}","map":{"version":3,"sources":["packages/random/createAleaGenerator.js"],"names":["module","export","default","createAleaGenerator","AleaRandomGenerator","link","v","height","window","innerHeight","document","documentElement","clientHeight","body","width","innerWidth","clientWidth","agent","navigator","userAgent","seeds","Date","Math","random"],"mappings":"AAAAA,MAAM,CAACC,MAAP,CAAc;AAACC,EAAAA,OAAO,EAAC,MAAIC;AAAb,CAAd;AAAiD,IAAIC,mBAAJ;AAAwBJ,MAAM,CAACK,IAAP,CAAY,uBAAZ,EAAoC;AAACH,EAAAA,OAAO,CAACI,CAAD,EAAG;AAACF,IAAAA,mBAAmB,GAACE,CAApB;AAAsB;;AAAlC,CAApC,EAAwE,CAAxE;AAEzE;AACA;AAEA;AACA,MAAMC,MAAM,GAAI,OAAOC,MAAP,KAAkB,WAAlB,IAAiCA,MAAM,CAACC,WAAzC,IACR,OAAOC,QAAP,KAAoB,WAApB,IACGA,QAAQ,CAACC,eADZ,IAEGD,QAAQ,CAACC,eAAT,CAAyBC,YAHpB,IAIR,OAAOF,QAAP,KAAoB,WAApB,IACGA,QAAQ,CAACG,IADZ,IAEGH,QAAQ,CAACG,IAAT,CAAcD,YANT,IAOT,CAPN;AASA,MAAME,KAAK,GAAI,OAAON,MAAP,KAAkB,WAAlB,IAAiCA,MAAM,CAACO,UAAzC,IACP,OAAOL,QAAP,KAAoB,WAApB,IACGA,QAAQ,CAACC,eADZ,IAEGD,QAAQ,CAACC,eAAT,CAAyBK,WAHrB,IAIP,OAAON,QAAP,KAAoB,WAApB,IACGA,QAAQ,CAACG,IADZ,IAEGH,QAAQ,CAACG,IAAT,CAAcG,WANV,IAOR,CAPN;AASA,MAAMC,KAAK,GAAI,OAAOC,SAAP,KAAqB,WAArB,IAAoCA,SAAS,CAACC,SAA/C,IAA6D,EAA3E;;AAEe,SAAShB,mBAAT,GAA+B;AAC5C,SAAO,IAAIC,mBAAJ,CAAwB;AAC7BgB,IAAAA,KAAK,EAAE,CAAC,IAAIC,IAAJ,EAAD,EAAWd,MAAX,EAAmBO,KAAnB,EAA0BG,KAA1B,EAAiCK,IAAI,CAACC,MAAL,EAAjC;AADsB,GAAxB,CAAP;AAGD","sourcesContent":["import AleaRandomGenerator from './AleaRandomGenerator';\n\n// instantiate RNG.  Heuristically collect entropy from various sources when a\n// cryptographic PRNG isn't available.\n\n// client sources\nconst height = (typeof window !== 'undefined' && window.innerHeight) ||\n      (typeof document !== 'undefined'\n       && document.documentElement\n       && document.documentElement.clientHeight) ||\n      (typeof document !== 'undefined'\n       && document.body\n       && document.body.clientHeight) ||\n      1;\n\nconst width = (typeof window !== 'undefined' && window.innerWidth) ||\n      (typeof document !== 'undefined'\n       && document.documentElement\n       && document.documentElement.clientWidth) ||\n      (typeof document !== 'undefined'\n       && document.body\n       && document.body.clientWidth) ||\n      1;\n\nconst agent = (typeof navigator !== 'undefined' && navigator.userAgent) || '';\n\nexport default function createAleaGenerator() {\n  return new AleaRandomGenerator({\n    seeds: [new Date, height, width, agent, Math.random()],\n  });\n}\n"]},"sourceType":"module","hash":"99bac05f5941292cc84ec2f003037f87146813ef"}
