{"metadata":{},"options":{"compact":false,"sourceMaps":true,"ast":true,"babelrc":false,"configFile":false,"parserOpts":{"sourceType":"module","sourceFileName":"/home/leeaus/FinalExam/FinalAssign/client/packages/id-map/id-map.js","plugins":["*","flow","jsx","asyncGenerators","bigInt","classPrivateMethods","classPrivateProperties","classProperties","doExpressions","dynamicImport","exportDefaultFrom","exportExtensions","exportNamespaceFrom","functionBind","functionSent","importMeta","nullishCoalescingOperator","numericSeparator","objectRestSpread","optionalCatchBinding","optionalChaining",["pipelineOperator",{"proposal":"minimal"}],"throwExpressions","classProperties","classPrivateProperties","jsx","nullishCoalescingOperator","nullishCoalescingOperator","optionalChaining","optionalChaining","optionalCatchBinding","optionalCatchBinding","classProperties","classPrivateProperties","classPrivateMethods","classProperties","classPrivateProperties","asyncGenerators","asyncGenerators","objectRestSpread","objectRestSpread"],"allowImportExportEverywhere":true,"allowReturnOutsideFunction":true,"allowUndeclaredExports":true,"strictMode":false},"caller":{"name":"meteor","arch":"web.browser.legacy"},"sourceFileName":"packages/id-map/id-map.js","filename":"/home/leeaus/FinalExam/FinalAssign/client/packages/id-map/id-map.js","passPerPreset":false,"envName":"development","cwd":"/home/leeaus/FinalExam/FinalAssign/client","root":"/home/leeaus/FinalExam/FinalAssign/client","plugins":[{"key":"base$0","visitor":{"_exploded":true,"_verified":true},"options":{}},{"key":"base$0$0","visitor":{"Program":{"enter":[null],"exit":[null]},"_exploded":true,"_verified":true},"options":{"avoidModernSyntax":true,"enforceStrictMode":false,"dynamicImport":true}},{"key":"transform-runtime","visitor":{"CallExpression":{"enter":[null]},"BinaryExpression":{"enter":[null]},"MemberExpression":{"enter":[null],"exit":[null]},"_exploded":true,"_verified":true,"Identifier":{"enter":[null]},"JSXIdentifier":{"enter":[null]}},"options":{"version":"7.9.2","helpers":true,"useESModules":false,"corejs":false}},{"key":"proposal-class-properties","visitor":{"PrivateName":{"enter":[null]},"ExportDefaultDeclaration":{"enter":[null]},"_exploded":true,"_verified":true,"ClassExpression":{"enter":[null]},"ClassDeclaration":{"enter":[null]}},"options":{"loose":true}},{"key":"base$0$3","visitor":{"FunctionExpression":{"exit":[null]},"_exploded":true,"_verified":true},"options":{}},{"key":"base$0$4","visitor":{"ForInStatement":{"enter":[null]},"_exploded":true,"_verified":true},"options":{}},{"key":"transform-react-jsx","visitor":{"_exploded":{},"_verified":{},"JSXNamespacedName":{"enter":[null]},"JSXSpreadChild":{"enter":[null]},"JSXElement":{"exit":[null]},"JSXFragment":{"exit":[null]},"Program":{"enter":[null],"exit":[null]},"JSXAttribute":{"enter":[null]}},"options":{"pragma":"React.createElement","pragmaFrag":"React.Fragment","runtime":"classic","throwIfNamespace":true,"useBuiltIns":false}},{"key":"transform-react-display-name","visitor":{"ExportDefaultDeclaration":{"enter":[null]},"CallExpression":{"enter":[null]},"_exploded":true,"_verified":true},"options":{}},{"key":"syntax-nullish-coalescing-operator","visitor":{"_exploded":true,"_verified":true},"options":{}},{"key":"proposal-nullish-coalescing-operator","visitor":{"_exploded":{},"_verified":{},"LogicalExpression":{"enter":[null]}},"options":{}},{"key":"syntax-optional-chaining","visitor":{"_exploded":true,"_verified":true},"options":{}},{"key":"proposal-optional-chaining","visitor":{"_exploded":{},"_verified":{},"OptionalCallExpression":{"enter":[null]},"OptionalMemberExpression":{"enter":[null]}},"options":{}},{"key":"syntax-optional-catch-binding","visitor":{"_exploded":true,"_verified":true},"options":{}},{"key":"proposal-optional-catch-binding","visitor":{"_exploded":{},"_verified":{},"CatchClause":{"enter":[null]}},"options":{}},{"key":"syntax-class-properties","visitor":{"_exploded":true,"_verified":true},"options":{}},{"key":"proposal-class-properties","visitor":{"PrivateName":{"enter":[null]},"ExportDefaultDeclaration":{"enter":[null]},"_exploded":true,"_verified":true,"ClassExpression":{"enter":[null]},"ClassDeclaration":{"enter":[null]}},"options":{}},{"key":"syntax-async-generators","visitor":{"_exploded":true,"_verified":true},"options":{}},{"key":"proposal-async-generator-functions","visitor":{"_exploded":{},"_verified":{},"Program":{"enter":[null]}},"options":{}},{"key":"syntax-object-rest-spread","visitor":{"_exploded":true,"_verified":true},"options":{}},{"key":"proposal-object-rest-spread","visitor":{"_exploded":{},"_verified":{},"VariableDeclarator":{"enter":[null]},"ExportNamedDeclaration":{"enter":[null]},"CatchClause":{"enter":[null]},"AssignmentExpression":{"enter":[null]},"ArrayPattern":{"enter":[null]},"ObjectExpression":{"enter":[null]},"FunctionDeclaration":{"enter":[null]},"FunctionExpression":{"enter":[null]},"ObjectMethod":{"enter":[null]},"ArrowFunctionExpression":{"enter":[null]},"ClassMethod":{"enter":[null]},"ClassPrivateMethod":{"enter":[null]},"ForInStatement":{"enter":[null]},"ForOfStatement":{"enter":[null]}},"options":{}},{"key":"transform-arrow-functions","visitor":{"ArrowFunctionExpression":{"enter":[null]},"_exploded":true,"_verified":true},"options":{}},{"key":"transform-block-scoped-functions","visitor":{"BlockStatement":{"enter":[null]},"SwitchCase":{"enter":[null]},"_exploded":true,"_verified":true},"options":{}},{"key":"transform-block-scoping","visitor":{"VariableDeclaration":{"enter":[null]},"CatchClause":{"enter":[null]},"_exploded":true,"BlockStatement":{"enter":[null]},"SwitchStatement":{"enter":[null]},"Program":{"enter":[null]},"_verified":true,"DoWhileStatement":{"enter":[null]},"ForInStatement":{"enter":[null]},"ForStatement":{"enter":[null]},"WhileStatement":{"enter":[null]},"ForOfStatement":{"enter":[null]}},"options":{}},{"key":"transform-classes","visitor":{"ExportDefaultDeclaration":{"enter":[null]},"ClassDeclaration":{"enter":[null]},"ClassExpression":{"enter":[null]},"_exploded":true,"_verified":true},"options":{"loose":true}},{"key":"transform-computed-properties","visitor":{"ObjectExpression":{"exit":[null]},"_exploded":true,"_verified":true},"options":{"loose":true}},{"key":"transform-destructuring","visitor":{"ExportNamedDeclaration":{"enter":[null]},"CatchClause":{"enter":[null]},"AssignmentExpression":{"enter":[null]},"VariableDeclaration":{"enter":[null]},"_exploded":true,"_verified":true,"ForInStatement":{"enter":[null]},"ForOfStatement":{"enter":[null]}},"options":{}},{"key":"transform-for-of","visitor":{"ForOfStatement":{"enter":[null]},"_exploded":true,"_verified":true},"options":{"loose":true}},{"key":"transform-literals","visitor":{"NumericLiteral":{"enter":[null]},"StringLiteral":{"enter":[null]},"_exploded":true,"_verified":true},"options":{}},{"key":"transform-object-super","visitor":{"ObjectExpression":{"enter":[null]},"_exploded":true,"_verified":true},"options":{}},{"key":"transform-parameters","visitor":{"_exploded":true,"_verified":true,"FunctionDeclaration":{"enter":[null]},"FunctionExpression":{"enter":[null]},"ObjectMethod":{"enter":[null]},"ArrowFunctionExpression":{"enter":[null]},"ClassMethod":{"enter":[null]},"ClassPrivateMethod":{"enter":[null]}},"options":{}},{"key":"transform-shorthand-properties","visitor":{"ObjectMethod":{"enter":[null]},"ObjectProperty":{"enter":[null]},"_exploded":true,"_verified":true},"options":{}},{"key":"transform-spread","visitor":{"ArrayExpression":{"enter":[null]},"CallExpression":{"enter":[null]},"NewExpression":{"enter":[null]},"_exploded":true,"_verified":true},"options":{}},{"key":"transform-sticky-regex","visitor":{"RegExpLiteral":{"enter":[null]},"_exploded":true,"_verified":true},"options":{}},{"key":"transform-template-literals","visitor":{"TaggedTemplateExpression":{"enter":[null]},"TemplateLiteral":{"enter":[null]},"_exploded":true,"_verified":true},"options":{"loose":true}},{"key":"transform-typeof-symbol","visitor":{"UnaryExpression":{"enter":[null]},"_exploded":true,"_verified":true,"BlockStatement":{"enter":[null]},"CatchClause":{"enter":[null]},"DoWhileStatement":{"enter":[null]},"ForInStatement":{"enter":[null]},"ForStatement":{"enter":[null]},"FunctionDeclaration":{"enter":[null]},"FunctionExpression":{"enter":[null]},"Program":{"enter":[null]},"ObjectMethod":{"enter":[null]},"SwitchStatement":{"enter":[null]},"WhileStatement":{"enter":[null]},"ArrowFunctionExpression":{"enter":[null]},"ClassExpression":{"enter":[null]},"ClassDeclaration":{"enter":[null]},"ForOfStatement":{"enter":[null]},"ClassMethod":{"enter":[null]},"ClassPrivateMethod":{"enter":[null]},"TSModuleBlock":{"enter":[null]},"AssignmentPattern":{"enter":[null]},"ArrayPattern":{"enter":[null]},"ObjectPattern":{"enter":[null]}},"options":{}},{"key":"transform-unicode-regex","visitor":{"RegExpLiteral":{"enter":[null]},"_exploded":true,"_verified":true},"options":{}},{"key":"transform-property-literals","visitor":{"ObjectProperty":{"exit":[null]},"_exploded":true,"_verified":true},"options":{}},{"key":"transform-exponentiation-operator","visitor":{"AssignmentExpression":{"enter":[null]},"BinaryExpression":{"enter":[null]},"_exploded":true,"_verified":true},"options":{}},{"key":"regenerator-transform","visitor":{"_exploded":true,"_verified":true,"ObjectMethod":{"enter":[null],"exit":[null]},"ClassMethod":{"enter":[null],"exit":[null]},"ClassPrivateMethod":{"enter":[null],"exit":[null]},"FunctionDeclaration":{"exit":[null]},"FunctionExpression":{"exit":[null]},"ArrowFunctionExpression":{"exit":[null]}},"options":{}}],"presets":[],"generatorOpts":{"filename":"/home/leeaus/FinalExam/FinalAssign/client/packages/id-map/id-map.js","comments":true,"compact":false,"sourceMaps":true,"sourceFileName":"packages/id-map/id-map.js"}},"code":"module.export({\n  IdMap: function () {\n    return IdMap;\n  }\n});\nvar hasOwn = Object.prototype.hasOwnProperty;\n\nvar IdMap = /*#__PURE__*/function () {\n  function IdMap(idStringify, idParse) {\n    this.clear();\n    this._idStringify = idStringify || JSON.stringify;\n    this._idParse = idParse || JSON.parse;\n  } // Some of these methods are designed to match methods on OrderedDict, since\n  // (eg) ObserveMultiplex and _CachingChangeObserver use them interchangeably.\n  // (Conceivably, this should be replaced with \"UnorderedDict\" with a specific\n  // set of methods that overlap between the two.)\n\n\n  var _proto = IdMap.prototype;\n\n  _proto.get = function () {\n    function get(id) {\n      var key = this._idStringify(id);\n\n      return this._map[key];\n    }\n\n    return get;\n  }();\n\n  _proto.set = function () {\n    function set(id, value) {\n      var key = this._idStringify(id);\n\n      this._map[key] = value;\n    }\n\n    return set;\n  }();\n\n  _proto.remove = function () {\n    function remove(id) {\n      var key = this._idStringify(id);\n\n      delete this._map[key];\n    }\n\n    return remove;\n  }();\n\n  _proto.has = function () {\n    function has(id) {\n      var key = this._idStringify(id);\n\n      return hasOwn.call(this._map, key);\n    }\n\n    return has;\n  }();\n\n  _proto.empty = function () {\n    function empty() {\n      for (var key in meteorBabelHelpers.sanitizeForInObject(this._map)) {\n        return false;\n      }\n\n      return true;\n    }\n\n    return empty;\n  }();\n\n  _proto.clear = function () {\n    function clear() {\n      this._map = Object.create(null);\n    }\n\n    return clear;\n  }() // Iterates over the items in the map. Return `false` to break the loop.\n  ;\n\n  _proto.forEach = function () {\n    function forEach(iterator) {\n      // don't use _.each, because we can't break out of it.\n      var keys = Object.keys(this._map);\n\n      for (var i = 0; i < keys.length; i++) {\n        var breakIfFalse = iterator.call(null, this._map[keys[i]], this._idParse(keys[i]));\n\n        if (breakIfFalse === false) {\n          return;\n        }\n      }\n    }\n\n    return forEach;\n  }();\n\n  _proto.size = function () {\n    function size() {\n      return Object.keys(this._map).length;\n    }\n\n    return size;\n  }();\n\n  _proto.setDefault = function () {\n    function setDefault(id, def) {\n      var key = this._idStringify(id);\n\n      if (hasOwn.call(this._map, key)) {\n        return this._map[key];\n      }\n\n      this._map[key] = def;\n      return def;\n    }\n\n    return setDefault;\n  }() // Assumes that values are EJSON-cloneable, and that we don't need to clone\n  // IDs (ie, that nobody is going to mutate an ObjectId).\n  ;\n\n  _proto.clone = function () {\n    function clone() {\n      var clone = new IdMap(this._idStringify, this._idParse);\n      this.forEach(function (value, id) {\n        clone.set(id, EJSON.clone(value));\n      });\n      return clone;\n    }\n\n    return clone;\n  }();\n\n  return IdMap;\n}();","map":{"version":3,"sources":["packages/id-map/id-map.js"],"names":["module","export","IdMap","hasOwn","Object","prototype","hasOwnProperty","idStringify","idParse","clear","_idStringify","JSON","stringify","_idParse","parse","get","id","key","_map","set","value","remove","has","call","empty","create","forEach","iterator","keys","i","length","breakIfFalse","size","setDefault","def","clone","EJSON"],"mappings":"AAAAA,MAAM,CAACC,MAAP,CAAc;AAACC,EAAAA,KAAK,EAAC,YAAU;AAAC,WAAOA,KAAP;AAAa;AAA/B,CAAd;AAAA,IAAMC,MAAM,GAAGC,MAAM,CAACC,SAAP,CAAiBC,cAAhC;;IAEaJ,K;AACX,iBAAYK,WAAZ,EAAyBC,OAAzB,EAAkC;AAChC,SAAKC,KAAL;AACA,SAAKC,YAAL,GAAoBH,WAAW,IAAII,IAAI,CAACC,SAAxC;AACA,SAAKC,QAAL,GAAgBL,OAAO,IAAIG,IAAI,CAACG,KAAhC;AACD,G,CAEH;AACA;AACA;AACA;;;;;SAEEC,G;AAAA,iBAAIC,EAAJ,EAAQ;AACN,UAAIC,GAAG,GAAG,KAAKP,YAAL,CAAkBM,EAAlB,CAAV;;AACA,aAAO,KAAKE,IAAL,CAAUD,GAAV,CAAP;AACD;;;;;SAEDE,G;AAAA,iBAAIH,EAAJ,EAAQI,KAAR,EAAe;AACb,UAAIH,GAAG,GAAG,KAAKP,YAAL,CAAkBM,EAAlB,CAAV;;AACA,WAAKE,IAAL,CAAUD,GAAV,IAAiBG,KAAjB;AACD;;;;;SAEDC,M;AAAA,oBAAOL,EAAP,EAAW;AACT,UAAIC,GAAG,GAAG,KAAKP,YAAL,CAAkBM,EAAlB,CAAV;;AACA,aAAO,KAAKE,IAAL,CAAUD,GAAV,CAAP;AACD;;;;;SAEDK,G;AAAA,iBAAIN,EAAJ,EAAQ;AACN,UAAIC,GAAG,GAAG,KAAKP,YAAL,CAAkBM,EAAlB,CAAV;;AACA,aAAOb,MAAM,CAACoB,IAAP,CAAY,KAAKL,IAAjB,EAAuBD,GAAvB,CAAP;AACD;;;;;SAEDO,K;AAAA,qBAAQ;AACN,WAAK,IAAIP,GAAT,2CAAgB,KAAKC,IAArB,GAA2B;AACzB,eAAO,KAAP;AACD;;AACD,aAAO,IAAP;AACD;;;;;SAEDT,K;AAAA,qBAAQ;AACN,WAAKS,IAAL,GAAYd,MAAM,CAACqB,MAAP,CAAc,IAAd,CAAZ;AACD;;;MAED;;;SACAC,O;AAAA,qBAAQC,QAAR,EAAkB;AAChB;AACA,UAAIC,IAAI,GAAGxB,MAAM,CAACwB,IAAP,CAAY,KAAKV,IAAjB,CAAX;;AACA,WAAK,IAAIW,CAAC,GAAG,CAAb,EAAgBA,CAAC,GAAGD,IAAI,CAACE,MAAzB,EAAiCD,CAAC,EAAlC,EAAsC;AACpC,YAAIE,YAAY,GAAGJ,QAAQ,CAACJ,IAAT,CACjB,IADiB,EAEjB,KAAKL,IAAL,CAAUU,IAAI,CAACC,CAAD,CAAd,CAFiB,EAGjB,KAAKhB,QAAL,CAAce,IAAI,CAACC,CAAD,CAAlB,CAHiB,CAAnB;;AAKA,YAAIE,YAAY,KAAK,KAArB,EAA4B;AAC1B;AACD;AACF;AACF;;;;;SAEDC,I;AAAA,oBAAO;AACL,aAAO5B,MAAM,CAACwB,IAAP,CAAY,KAAKV,IAAjB,EAAuBY,MAA9B;AACD;;;;;SAEDG,U;AAAA,wBAAWjB,EAAX,EAAekB,GAAf,EAAoB;AAClB,UAAIjB,GAAG,GAAG,KAAKP,YAAL,CAAkBM,EAAlB,CAAV;;AACA,UAAIb,MAAM,CAACoB,IAAP,CAAY,KAAKL,IAAjB,EAAuBD,GAAvB,CAAJ,EAAiC;AAC/B,eAAO,KAAKC,IAAL,CAAUD,GAAV,CAAP;AACD;;AACD,WAAKC,IAAL,CAAUD,GAAV,IAAiBiB,GAAjB;AACA,aAAOA,GAAP;AACD;;;MAED;AACA;;;SACAC,K;AAAA,qBAAQ;AACN,UAAIA,KAAK,GAAG,IAAIjC,KAAJ,CAAU,KAAKQ,YAAf,EAA6B,KAAKG,QAAlC,CAAZ;AACA,WAAKa,OAAL,CAAa,UAAUN,KAAV,EAAiBJ,EAAjB,EAAqB;AAChCmB,QAAAA,KAAK,CAAChB,GAAN,CAAUH,EAAV,EAAcoB,KAAK,CAACD,KAAN,CAAYf,KAAZ,CAAd;AACD,OAFD;AAGA,aAAOe,KAAP;AACD","sourcesContent":["const hasOwn = Object.prototype.hasOwnProperty;\n\nexport class IdMap {\n  constructor(idStringify, idParse) {\n    this.clear();\n    this._idStringify = idStringify || JSON.stringify;\n    this._idParse = idParse || JSON.parse;\n  }\n\n// Some of these methods are designed to match methods on OrderedDict, since\n// (eg) ObserveMultiplex and _CachingChangeObserver use them interchangeably.\n// (Conceivably, this should be replaced with \"UnorderedDict\" with a specific\n// set of methods that overlap between the two.)\n\n  get(id) {\n    var key = this._idStringify(id);\n    return this._map[key];\n  }\n\n  set(id, value) {\n    var key = this._idStringify(id);\n    this._map[key] = value;\n  }\n\n  remove(id) {\n    var key = this._idStringify(id);\n    delete this._map[key];\n  }\n\n  has(id) {\n    var key = this._idStringify(id);\n    return hasOwn.call(this._map, key);\n  }\n\n  empty() {\n    for (let key in this._map) {\n      return false;\n    }\n    return true;\n  }\n\n  clear() {\n    this._map = Object.create(null);\n  }\n\n  // Iterates over the items in the map. Return `false` to break the loop.\n  forEach(iterator) {\n    // don't use _.each, because we can't break out of it.\n    var keys = Object.keys(this._map);\n    for (var i = 0; i < keys.length; i++) {\n      var breakIfFalse = iterator.call(\n        null,\n        this._map[keys[i]],\n        this._idParse(keys[i])\n      );\n      if (breakIfFalse === false) {\n        return;\n      }\n    }\n  }\n\n  size() {\n    return Object.keys(this._map).length;\n  }\n\n  setDefault(id, def) {\n    var key = this._idStringify(id);\n    if (hasOwn.call(this._map, key)) {\n      return this._map[key];\n    }\n    this._map[key] = def;\n    return def;\n  }\n\n  // Assumes that values are EJSON-cloneable, and that we don't need to clone\n  // IDs (ie, that nobody is going to mutate an ObjectId).\n  clone() {\n    var clone = new IdMap(this._idStringify, this._idParse);\n    this.forEach(function (value, id) {\n      clone.set(id, EJSON.clone(value));\n    });\n    return clone;\n  }\n}\n"]},"sourceType":"module","hash":"cd82708de3cc5b5ace0ee0be8b31f22857947564"}
