{"metadata":{},"options":{"compact":false,"sourceMaps":true,"ast":true,"babelrc":false,"configFile":false,"parserOpts":{"sourceType":"module","sourceFileName":"/home/leeaus/FinalExam/FinalAssign/client/server/main.js","plugins":["*","flow","jsx","asyncGenerators","bigInt","classPrivateMethods","classPrivateProperties","classProperties","doExpressions","dynamicImport","exportDefaultFrom","exportExtensions","exportNamespaceFrom","functionBind","functionSent","importMeta","nullishCoalescingOperator","numericSeparator","objectRestSpread","optionalCatchBinding","optionalChaining",["pipelineOperator",{"proposal":"minimal"}],"throwExpressions","objectRestSpread","objectRestSpread","asyncGenerators","classProperties","classPrivateProperties","jsx","nullishCoalescingOperator","nullishCoalescingOperator","optionalChaining","optionalChaining","optionalCatchBinding","optionalCatchBinding","classProperties","classPrivateProperties","classPrivateMethods","classProperties","classPrivateProperties","asyncGenerators","asyncGenerators","objectRestSpread","objectRestSpread"],"allowImportExportEverywhere":true,"allowReturnOutsideFunction":true,"allowUndeclaredExports":true,"strictMode":false},"caller":{"name":"meteor","arch":"os.linux.x86_64"},"sourceFileName":"server/main.js","filename":"/home/leeaus/FinalExam/FinalAssign/client/server/main.js","passPerPreset":false,"envName":"development","cwd":"/home/leeaus/FinalExam/FinalAssign/client","root":"/home/leeaus/FinalExam/FinalAssign/client","plugins":[{"key":"base$0","visitor":{"_exploded":true,"_verified":true},"options":{}},{"key":"base$0$0","visitor":{"Program":{"enter":[null],"exit":[null]},"_exploded":true,"_verified":true},"options":{"avoidModernSyntax":false,"enforceStrictMode":false,"dynamicImport":true,"generateLetDeclarations":true}},{"key":"transform-runtime","visitor":{"CallExpression":{"enter":[null]},"BinaryExpression":{"enter":[null]},"MemberExpression":{"enter":[null],"exit":[null]},"_exploded":true,"_verified":true,"Identifier":{"enter":[null]},"JSXIdentifier":{"enter":[null]}},"options":{"version":"7.9.2","helpers":true,"useESModules":false,"corejs":false}},{"key":"syntax-object-rest-spread","visitor":{"_exploded":true,"_verified":true},"options":{}},{"key":"proposal-object-rest-spread","visitor":{"_exploded":{},"_verified":{},"VariableDeclarator":{"enter":[null]},"ExportNamedDeclaration":{"enter":[null]},"CatchClause":{"enter":[null]},"AssignmentExpression":{"enter":[null]},"ArrayPattern":{"enter":[null]},"ObjectExpression":{"enter":[null]},"FunctionDeclaration":{"enter":[null]},"FunctionExpression":{"enter":[null]},"ObjectMethod":{"enter":[null]},"ArrowFunctionExpression":{"enter":[null]},"ClassMethod":{"enter":[null]},"ClassPrivateMethod":{"enter":[null]},"ForInStatement":{"enter":[null]},"ForOfStatement":{"enter":[null]}},"options":{}},{"key":"transform-meteor-async-await","visitor":{"AwaitExpression":{"enter":[null]},"_exploded":true,"_verified":true,"FunctionDeclaration":{"exit":[null]},"FunctionExpression":{"exit":[null]},"ObjectMethod":{"exit":[null]},"ArrowFunctionExpression":{"exit":[null]},"ClassMethod":{"exit":[null]},"ClassPrivateMethod":{"exit":[null]}},"options":{"useNativeAsyncAwait":false}},{"key":"proposal-async-generator-functions","visitor":{"_exploded":{},"_verified":{},"Program":{"enter":[null]}},"options":{}},{"key":"proposal-class-properties","visitor":{"PrivateName":{"enter":[null]},"ExportDefaultDeclaration":{"enter":[null]},"_exploded":true,"_verified":true,"ClassExpression":{"enter":[null]},"ClassDeclaration":{"enter":[null]}},"options":{"loose":true}},{"key":"transform-react-jsx","visitor":{"_exploded":{},"_verified":{},"JSXNamespacedName":{"enter":[null]},"JSXSpreadChild":{"enter":[null]},"JSXElement":{"exit":[null]},"JSXFragment":{"exit":[null]},"Program":{"enter":[null],"exit":[null]},"JSXAttribute":{"enter":[null]}},"options":{"pragma":"React.createElement","pragmaFrag":"React.Fragment","runtime":"classic","throwIfNamespace":true,"useBuiltIns":false}},{"key":"transform-react-display-name","visitor":{"ExportDefaultDeclaration":{"enter":[null]},"CallExpression":{"enter":[null]},"_exploded":true,"_verified":true},"options":{}},{"key":"syntax-nullish-coalescing-operator","visitor":{"_exploded":true,"_verified":true},"options":{}},{"key":"proposal-nullish-coalescing-operator","visitor":{"_exploded":{},"_verified":{},"LogicalExpression":{"enter":[null]}},"options":{}},{"key":"syntax-optional-chaining","visitor":{"_exploded":true,"_verified":true},"options":{}},{"key":"proposal-optional-chaining","visitor":{"_exploded":{},"_verified":{},"OptionalCallExpression":{"enter":[null]},"OptionalMemberExpression":{"enter":[null]}},"options":{}},{"key":"syntax-optional-catch-binding","visitor":{"_exploded":true,"_verified":true},"options":{}},{"key":"proposal-optional-catch-binding","visitor":{"_exploded":{},"_verified":{},"CatchClause":{"enter":[null]}},"options":{}},{"key":"syntax-class-properties","visitor":{"_exploded":true,"_verified":true},"options":{}},{"key":"proposal-class-properties","visitor":{"PrivateName":{"enter":[null]},"ExportDefaultDeclaration":{"enter":[null]},"_exploded":true,"_verified":true,"ClassExpression":{"enter":[null]},"ClassDeclaration":{"enter":[null]}},"options":{}},{"key":"syntax-async-generators","visitor":{"_exploded":true,"_verified":true},"options":{}},{"key":"proposal-async-generator-functions","visitor":{"_exploded":{},"_verified":{},"Program":{"enter":[null]}},"options":{}},{"key":"syntax-object-rest-spread","visitor":{"_exploded":true,"_verified":true},"options":{}},{"key":"proposal-object-rest-spread","visitor":{"_exploded":{},"_verified":{},"VariableDeclarator":{"enter":[null]},"ExportNamedDeclaration":{"enter":[null]},"CatchClause":{"enter":[null]},"AssignmentExpression":{"enter":[null]},"ArrayPattern":{"enter":[null]},"ObjectExpression":{"enter":[null]},"FunctionDeclaration":{"enter":[null]},"FunctionExpression":{"enter":[null]},"ObjectMethod":{"enter":[null]},"ArrowFunctionExpression":{"enter":[null]},"ClassMethod":{"enter":[null]},"ClassPrivateMethod":{"enter":[null]},"ForInStatement":{"enter":[null]},"ForOfStatement":{"enter":[null]}},"options":{}},{"key":"transform-literals","visitor":{"NumericLiteral":{"enter":[null]},"StringLiteral":{"enter":[null]},"_exploded":true,"_verified":true},"options":{}},{"key":"transform-template-literals","visitor":{"TaggedTemplateExpression":{"enter":[null]},"TemplateLiteral":{"enter":[null]},"_exploded":true,"_verified":true},"options":{}},{"key":"transform-parameters","visitor":{"_exploded":true,"_verified":true,"FunctionDeclaration":{"enter":[null]},"FunctionExpression":{"enter":[null]},"ObjectMethod":{"enter":[null]},"ArrowFunctionExpression":{"enter":[null]},"ClassMethod":{"enter":[null]},"ClassPrivateMethod":{"enter":[null]}},"options":{}},{"key":"transform-exponentiation-operator","visitor":{"AssignmentExpression":{"enter":[null]},"BinaryExpression":{"enter":[null]},"_exploded":true,"_verified":true},"options":{}}],"presets":[],"generatorOpts":{"filename":"/home/leeaus/FinalExam/FinalAssign/client/server/main.js","comments":true,"compact":false,"sourceMaps":true,"sourceFileName":"server/main.js"}},"code":"let Meteor;\nmodule.link(\"meteor/meteor\", {\n  Meteor(v) {\n    Meteor = v;\n  }\n\n}, 0);\nMeteor.startup(function () {// code to run on server at startup\n});\nMeteor.methods({\n  query_Students: function (studentName) {\n    console.log(\"Inside query_Students\");\n    console.log(studentName);\n\n    var http = require('http');\n\n    var MongoClient = require('mongodb').MongoClient;\n\n    var url = \"mongodb://localhost:3001/\";\n    var future = new Future();\n    MongoClient.connect(url, function (err, db) {\n      if (err) throw err;\n      var query = {\n        \"Student name\": studentName\n      };\n      console.log(query);\n      var dbo = db.db(\"OnlineLearning\");\n      dbo.collection(\"Students\").find(query).toArray(function (err, result) {\n        if (err) throw err;\n        var output = \"\";\n\n        for (var entry in result) {\n          output += result[entry] + \"\\n\";\n        }\n\n        console.log(JSON.stringify(result));\n        future.return(JSON.stringify(result));\n        db.close();\n      });\n    });\n    return future.wait();\n  }\n});","map":{"version":3,"sources":["server/main.js"],"names":["Meteor","module","link","v","startup","methods","query_Students","studentName","console","log","http","require","MongoClient","url","future","Future","connect","err","db","query","dbo","collection","find","toArray","result","output","entry","JSON","stringify","return","close","wait"],"mappings":"AAAA,IAAIA,MAAJ;AAAWC,MAAM,CAACC,IAAP,CAAY,eAAZ,EAA4B;AAACF,EAAAA,MAAM,CAACG,CAAD,EAAG;AAACH,IAAAA,MAAM,GAACG,CAAP;AAAS;;AAApB,CAA5B,EAAkD,CAAlD;AAEXH,MAAM,CAACI,OAAP,CAAe,YAAW,CACxB;AAED,CAHD;AAKAJ,MAAM,CAACK,OAAP,CAAe;AACfC,EAAAA,cAAc,EAAC,UAASC,WAAT,EAAqB;AACnCC,IAAAA,OAAO,CAACC,GAAR,CAAY,uBAAZ;AACAD,IAAAA,OAAO,CAACC,GAAR,CAAYF,WAAZ;;AACA,QAAIG,IAAI,GAAGC,OAAO,CAAC,MAAD,CAAlB;;AACA,QAAIC,WAAW,GAAGD,OAAO,CAAC,SAAD,CAAP,CAAmBC,WAArC;;AACA,QAAIC,GAAG,GAAG,2BAAV;AACA,QAAIC,MAAM,GAAG,IAAIC,MAAJ,EAAb;AACAH,IAAAA,WAAW,CAACI,OAAZ,CAAoBH,GAApB,EAAyB,UAASI,GAAT,EAAcC,EAAd,EAAiB;AACzC,UAAID,GAAJ,EAAS,MAAMA,GAAN;AACT,UAAIE,KAAK,GAAG;AAAC,wBAAiBZ;AAAlB,OAAZ;AACAC,MAAAA,OAAO,CAACC,GAAR,CAAYU,KAAZ;AACA,UAAIC,GAAG,GAAGF,EAAE,CAACA,EAAH,CAAM,gBAAN,CAAV;AACAE,MAAAA,GAAG,CAACC,UAAJ,CAAe,UAAf,EAA2BC,IAA3B,CAAgCH,KAAhC,EAAuCI,OAAvC,CAA+C,UAASN,GAAT,EAAcO,MAAd,EAAsB;AACpE,YAAIP,GAAJ,EAAS,MAAMA,GAAN;AACT,YAAIQ,MAAM,GAAE,EAAZ;;AACA,aAAI,IAAIC,KAAR,IAAiBF,MAAjB,EAAwB;AACxBC,UAAAA,MAAM,IAAGD,MAAM,CAACE,KAAD,CAAN,GAAc,IAAvB;AACC;;AACDlB,QAAAA,OAAO,CAACC,GAAR,CAAYkB,IAAI,CAACC,SAAL,CAAeJ,MAAf,CAAZ;AACAV,QAAAA,MAAM,CAACe,MAAP,CAAcF,IAAI,CAACC,SAAL,CAAeJ,MAAf,CAAd;AACAN,QAAAA,EAAE,CAACY,KAAH;AACA,OATD;AAUA,KAfD;AAgBD,WAAOhB,MAAM,CAACiB,IAAP,EAAP;AACC;AAzBc,CAAf","sourcesContent":["import { Meteor } from 'meteor/meteor';\n\nMeteor.startup(function() {\n  // code to run on server at startup\n \n});\n\nMeteor.methods({\nquery_Students:function(studentName){\n\tconsole.log(\"Inside query_Students\");\n\tconsole.log(studentName);\n\tvar http = require('http');\n\tvar MongoClient = require('mongodb').MongoClient;\n\tvar url = \"mongodb://localhost:3001/\";\n\tvar future = new Future();\n\tMongoClient.connect(url, function(err, db){\n\t\tif (err) throw err;\n\t\tvar query = {\"Student name\" : studentName};\n\t\tconsole.log(query);\n\t\tvar dbo = db.db(\"OnlineLearning\");\n\t\tdbo.collection(\"Students\").find(query).toArray(function(err, result) {\n\t\t\tif (err) throw err;\n\t\t\tvar output =\"\";\n\t\t\tfor(var entry in result){\n\t\t\toutput+= result[entry]+\"\\n\"\n\t\t\t}\n\t\t\tconsole.log(JSON.stringify(result));\n\t\t\tfuture.return(JSON.stringify(result));\n\t\t\tdb.close();\n\t\t});\n\t});\nreturn future.wait(); \n}\n}) \n"]},"sourceType":"module","hash":"da07cb1838a1913a0b2e3dcbaa1f68f580716246"}
