{"metadata":{},"options":{"compact":false,"sourceMaps":true,"ast":true,"babelrc":false,"configFile":false,"parserOpts":{"sourceType":"module","sourceFileName":"/home/leeaus/FinalExam/FinalAssign/client/server/main.js","plugins":["*","flow","jsx","asyncGenerators","bigInt","classPrivateMethods","classPrivateProperties","classProperties","doExpressions","dynamicImport","exportDefaultFrom","exportExtensions","exportNamespaceFrom","functionBind","functionSent","importMeta","nullishCoalescingOperator","numericSeparator","objectRestSpread","optionalCatchBinding","optionalChaining",["pipelineOperator",{"proposal":"minimal"}],"throwExpressions","objectRestSpread","objectRestSpread","asyncGenerators","classProperties","classPrivateProperties","jsx","nullishCoalescingOperator","nullishCoalescingOperator","optionalChaining","optionalChaining","optionalCatchBinding","optionalCatchBinding","classProperties","classPrivateProperties","classPrivateMethods","classProperties","classPrivateProperties","asyncGenerators","asyncGenerators","objectRestSpread","objectRestSpread"],"allowImportExportEverywhere":true,"allowReturnOutsideFunction":true,"allowUndeclaredExports":true,"strictMode":false},"caller":{"name":"meteor","arch":"os.linux.x86_64"},"sourceFileName":"server/main.js","filename":"/home/leeaus/FinalExam/FinalAssign/client/server/main.js","passPerPreset":false,"envName":"development","cwd":"/home/leeaus/FinalExam/FinalAssign/client","root":"/home/leeaus/FinalExam/FinalAssign/client","plugins":[{"key":"base$0","visitor":{"_exploded":true,"_verified":true},"options":{}},{"key":"base$0$0","visitor":{"Program":{"enter":[null],"exit":[null]},"_exploded":true,"_verified":true},"options":{"avoidModernSyntax":false,"enforceStrictMode":false,"dynamicImport":true,"generateLetDeclarations":true}},{"key":"transform-runtime","visitor":{"CallExpression":{"enter":[null]},"BinaryExpression":{"enter":[null]},"MemberExpression":{"enter":[null],"exit":[null]},"_exploded":true,"_verified":true,"Identifier":{"enter":[null]},"JSXIdentifier":{"enter":[null]}},"options":{"version":"7.9.2","helpers":true,"useESModules":false,"corejs":false}},{"key":"syntax-object-rest-spread","visitor":{"_exploded":true,"_verified":true},"options":{}},{"key":"proposal-object-rest-spread","visitor":{"_exploded":{},"_verified":{},"VariableDeclarator":{"enter":[null]},"ExportNamedDeclaration":{"enter":[null]},"CatchClause":{"enter":[null]},"AssignmentExpression":{"enter":[null]},"ArrayPattern":{"enter":[null]},"ObjectExpression":{"enter":[null]},"FunctionDeclaration":{"enter":[null]},"FunctionExpression":{"enter":[null]},"ObjectMethod":{"enter":[null]},"ArrowFunctionExpression":{"enter":[null]},"ClassMethod":{"enter":[null]},"ClassPrivateMethod":{"enter":[null]},"ForInStatement":{"enter":[null]},"ForOfStatement":{"enter":[null]}},"options":{}},{"key":"transform-meteor-async-await","visitor":{"AwaitExpression":{"enter":[null]},"_exploded":true,"_verified":true,"FunctionDeclaration":{"exit":[null]},"FunctionExpression":{"exit":[null]},"ObjectMethod":{"exit":[null]},"ArrowFunctionExpression":{"exit":[null]},"ClassMethod":{"exit":[null]},"ClassPrivateMethod":{"exit":[null]}},"options":{"useNativeAsyncAwait":false}},{"key":"proposal-async-generator-functions","visitor":{"_exploded":{},"_verified":{},"Program":{"enter":[null]}},"options":{}},{"key":"proposal-class-properties","visitor":{"PrivateName":{"enter":[null]},"ExportDefaultDeclaration":{"enter":[null]},"_exploded":true,"_verified":true,"ClassExpression":{"enter":[null]},"ClassDeclaration":{"enter":[null]}},"options":{"loose":true}},{"key":"transform-react-jsx","visitor":{"_exploded":{},"_verified":{},"JSXNamespacedName":{"enter":[null]},"JSXSpreadChild":{"enter":[null]},"JSXElement":{"exit":[null]},"JSXFragment":{"exit":[null]},"Program":{"enter":[null],"exit":[null]},"JSXAttribute":{"enter":[null]}},"options":{"pragma":"React.createElement","pragmaFrag":"React.Fragment","runtime":"classic","throwIfNamespace":true,"useBuiltIns":false}},{"key":"transform-react-display-name","visitor":{"ExportDefaultDeclaration":{"enter":[null]},"CallExpression":{"enter":[null]},"_exploded":true,"_verified":true},"options":{}},{"key":"syntax-nullish-coalescing-operator","visitor":{"_exploded":true,"_verified":true},"options":{}},{"key":"proposal-nullish-coalescing-operator","visitor":{"_exploded":{},"_verified":{},"LogicalExpression":{"enter":[null]}},"options":{}},{"key":"syntax-optional-chaining","visitor":{"_exploded":true,"_verified":true},"options":{}},{"key":"proposal-optional-chaining","visitor":{"_exploded":{},"_verified":{},"OptionalCallExpression":{"enter":[null]},"OptionalMemberExpression":{"enter":[null]}},"options":{}},{"key":"syntax-optional-catch-binding","visitor":{"_exploded":true,"_verified":true},"options":{}},{"key":"proposal-optional-catch-binding","visitor":{"_exploded":{},"_verified":{},"CatchClause":{"enter":[null]}},"options":{}},{"key":"syntax-class-properties","visitor":{"_exploded":true,"_verified":true},"options":{}},{"key":"proposal-class-properties","visitor":{"PrivateName":{"enter":[null]},"ExportDefaultDeclaration":{"enter":[null]},"_exploded":true,"_verified":true,"ClassExpression":{"enter":[null]},"ClassDeclaration":{"enter":[null]}},"options":{}},{"key":"syntax-async-generators","visitor":{"_exploded":true,"_verified":true},"options":{}},{"key":"proposal-async-generator-functions","visitor":{"_exploded":{},"_verified":{},"Program":{"enter":[null]}},"options":{}},{"key":"syntax-object-rest-spread","visitor":{"_exploded":true,"_verified":true},"options":{}},{"key":"proposal-object-rest-spread","visitor":{"_exploded":{},"_verified":{},"VariableDeclarator":{"enter":[null]},"ExportNamedDeclaration":{"enter":[null]},"CatchClause":{"enter":[null]},"AssignmentExpression":{"enter":[null]},"ArrayPattern":{"enter":[null]},"ObjectExpression":{"enter":[null]},"FunctionDeclaration":{"enter":[null]},"FunctionExpression":{"enter":[null]},"ObjectMethod":{"enter":[null]},"ArrowFunctionExpression":{"enter":[null]},"ClassMethod":{"enter":[null]},"ClassPrivateMethod":{"enter":[null]},"ForInStatement":{"enter":[null]},"ForOfStatement":{"enter":[null]}},"options":{}},{"key":"transform-literals","visitor":{"NumericLiteral":{"enter":[null]},"StringLiteral":{"enter":[null]},"_exploded":true,"_verified":true},"options":{}},{"key":"transform-template-literals","visitor":{"TaggedTemplateExpression":{"enter":[null]},"TemplateLiteral":{"enter":[null]},"_exploded":true,"_verified":true},"options":{}},{"key":"transform-parameters","visitor":{"_exploded":true,"_verified":true,"FunctionDeclaration":{"enter":[null]},"FunctionExpression":{"enter":[null]},"ObjectMethod":{"enter":[null]},"ArrowFunctionExpression":{"enter":[null]},"ClassMethod":{"enter":[null]},"ClassPrivateMethod":{"enter":[null]}},"options":{}},{"key":"transform-exponentiation-operator","visitor":{"AssignmentExpression":{"enter":[null]},"BinaryExpression":{"enter":[null]},"_exploded":true,"_verified":true},"options":{}}],"presets":[],"generatorOpts":{"filename":"/home/leeaus/FinalExam/FinalAssign/client/server/main.js","comments":true,"compact":false,"sourceMaps":true,"sourceFileName":"server/main.js"}},"code":"let Meteor;\nmodule.link(\"meteor/meteor\", {\n  Meteor(v) {\n    Meteor = v;\n  }\n\n}, 0);\nMeteor.startup(function () {\n  // code to run on server at startup\n  Future = Npm.require('fibers/future');\n});\nMeteor.methods({\n  query_Students: function (studentName) {\n    console.log(\"Inside query_Students\");\n    console.log(studentName);\n\n    var http = require(\"http\");\n\n    var MongoClient = require(\"mongodb\").MongoClient;\n\n    var url = \"mongodb://localhost:27017/\";\n    var future = new Future();\n    MongoClient.connect(url, function (err, db) {\n      if (err) throw err;\n      var query = {\n        \"Student Name\": studentName\n      };\n      console.log(query);\n      var dbo = db.db(\"OnlineLearning\");\n      dbo.collection(\"Students\").find(query, {\n        DOB: 1,\n        _id: 0\n      }).toArray(function (err, result) {\n        if (err) console.log(err);\n        console.log(result);\n        var output = result[2];\n        console.log(output); //for(var entry in result){\n        //output+= result[entry]+\"\\n\"\n        //}\n\n        console.log(\"JSON\" + JSON.stringify(result));\n        future.return(JSON.stringify(result));\n        db.close();\n      });\n    });\n    return future.wait();\n  }\n});","map":{"version":3,"sources":["server/main.js"],"names":["Meteor","module","link","v","startup","Future","Npm","require","methods","query_Students","studentName","console","log","http","MongoClient","url","future","connect","err","db","query","dbo","collection","find","DOB","_id","toArray","result","output","JSON","stringify","return","close","wait"],"mappings":"AAAA,IAAIA,MAAJ;AAAWC,MAAM,CAACC,IAAP,CAAY,eAAZ,EAA4B;AAACF,EAAAA,MAAM,CAACG,CAAD,EAAG;AAACH,IAAAA,MAAM,GAACG,CAAP;AAAS;;AAApB,CAA5B,EAAkD,CAAlD;AAEXH,MAAM,CAACI,OAAP,CAAe,YAAW;AACxB;AACDC,EAAAA,MAAM,GAAGC,GAAG,CAACC,OAAJ,CAAY,eAAZ,CAAT;AACA,CAHD;AAKAP,MAAM,CAACQ,OAAP,CAAe;AACfC,EAAAA,cAAc,EAAC,UAASC,WAAT,EAAqB;AACnCC,IAAAA,OAAO,CAACC,GAAR,CAAY,uBAAZ;AACAD,IAAAA,OAAO,CAACC,GAAR,CAAYF,WAAZ;;AACA,QAAIG,IAAI,GAAGN,OAAO,CAAC,MAAD,CAAlB;;AACA,QAAIO,WAAW,GAAGP,OAAO,CAAC,SAAD,CAAP,CAAmBO,WAArC;;AACA,QAAIC,GAAG,GAAG,4BAAV;AACA,QAAIC,MAAM,GAAG,IAAIX,MAAJ,EAAb;AACAS,IAAAA,WAAW,CAACG,OAAZ,CAAoBF,GAApB,EAAyB,UAASG,GAAT,EAAcC,EAAd,EAAiB;AACzC,UAAID,GAAJ,EAAS,MAAMA,GAAN;AACT,UAAIE,KAAK,GAAG;AAAC,wBAAeV;AAAhB,OAAZ;AACAC,MAAAA,OAAO,CAACC,GAAR,CAAYQ,KAAZ;AACA,UAAIC,GAAG,GAAGF,EAAE,CAACA,EAAH,CAAM,gBAAN,CAAV;AACAE,MAAAA,GAAG,CAACC,UAAJ,CAAe,UAAf,EAA2BC,IAA3B,CAAgCH,KAAhC,EAAuC;AAACI,QAAAA,GAAG,EAAE,CAAN;AAASC,QAAAA,GAAG,EAAE;AAAd,OAAvC,EAAyDC,OAAzD,CAAiE,UAASR,GAAT,EAAcS,MAAd,EAAsB;AACtF,YAAIT,GAAJ,EAASP,OAAO,CAACC,GAAR,CAAYM,GAAZ;AACTP,QAAAA,OAAO,CAACC,GAAR,CAAYe,MAAZ;AACA,YAAIC,MAAM,GAAED,MAAM,CAAC,CAAD,CAAlB;AACAhB,QAAAA,OAAO,CAACC,GAAR,CAAYgB,MAAZ,EAJsF,CAKtF;AACA;AACA;;AACAjB,QAAAA,OAAO,CAACC,GAAR,CAAY,SAASiB,IAAI,CAACC,SAAL,CAAeH,MAAf,CAArB;AACAX,QAAAA,MAAM,CAACe,MAAP,CAAcF,IAAI,CAACC,SAAL,CAAeH,MAAf,CAAd;AACAR,QAAAA,EAAE,CAACa,KAAH;AACA,OAXD;AAYA,KAjBD;AAkBD,WAAOhB,MAAM,CAACiB,IAAP,EAAP;AACC;AA3Bc,CAAf","sourcesContent":["import { Meteor } from 'meteor/meteor';\n\nMeteor.startup(function() {\n  // code to run on server at startup\n Future = Npm.require('fibers/future');\n});\n\nMeteor.methods({\nquery_Students:function(studentName){\n\tconsole.log(\"Inside query_Students\");\n\tconsole.log(studentName);\n\tvar http = require(\"http\");\n\tvar MongoClient = require(\"mongodb\").MongoClient;\n\tvar url = \"mongodb://localhost:27017/\";\n\tvar future = new Future();\n\tMongoClient.connect(url, function(err, db){\n\t\tif (err) throw err;\n\t\tvar query = {\"Student Name\":studentName};\n\t\tconsole.log(query);\n\t\tvar dbo = db.db(\"OnlineLearning\");\n\t\tdbo.collection(\"Students\").find(query, {DOB: 1, _id: 0}).toArray(function(err, result) {\n\t\t\tif (err) console.log(err);\n\t\t\tconsole.log(result);\n\t\t\tvar output =result[2];\n\t\t\tconsole.log(output);\n\t\t\t//for(var entry in result){\n\t\t\t//output+= result[entry]+\"\\n\"\n\t\t\t//}\n\t\t\tconsole.log(\"JSON\" + JSON.stringify(result));\n\t\t\tfuture.return(JSON.stringify(result));\n\t\t\tdb.close();\n\t\t});\n\t});\nreturn future.wait(); \n}\n}) \n"]},"sourceType":"module","hash":"e823b8aaef8b877fa646de29937c1d52d6ec6baa"}
