{"metadata":{},"options":{"compact":false,"sourceMaps":true,"ast":true,"babelrc":false,"configFile":false,"parserOpts":{"sourceType":"module","sourceFileName":"/home/leeaus/FinalExam/FinalAssign/client/packages/random/NodeRandomGenerator.js","plugins":["*","flow","jsx","asyncGenerators","bigInt","classPrivateMethods","classPrivateProperties","classProperties","doExpressions","dynamicImport","exportDefaultFrom","exportExtensions","exportNamespaceFrom","functionBind","functionSent","importMeta","nullishCoalescingOperator","numericSeparator","objectRestSpread","optionalCatchBinding","optionalChaining",["pipelineOperator",{"proposal":"minimal"}],"throwExpressions","objectRestSpread","objectRestSpread","asyncGenerators","classProperties","classPrivateProperties","jsx","nullishCoalescingOperator","nullishCoalescingOperator","optionalChaining","optionalChaining","optionalCatchBinding","optionalCatchBinding","classProperties","classPrivateProperties","classPrivateMethods","classProperties","classPrivateProperties","asyncGenerators","asyncGenerators","objectRestSpread","objectRestSpread"],"allowImportExportEverywhere":true,"allowReturnOutsideFunction":true,"allowUndeclaredExports":true,"strictMode":false},"caller":{"name":"meteor","arch":"os.linux.x86_64"},"sourceFileName":"packages/random/NodeRandomGenerator.js","filename":"/home/leeaus/FinalExam/FinalAssign/client/packages/random/NodeRandomGenerator.js","passPerPreset":false,"envName":"development","cwd":"/home/leeaus/FinalExam/FinalAssign/client","root":"/home/leeaus/FinalExam/FinalAssign/client","plugins":[{"key":"base$0","visitor":{"_exploded":true,"_verified":true},"options":{}},{"key":"base$0$0","visitor":{"Program":{"enter":[null],"exit":[null]},"_exploded":true,"_verified":true},"options":{"avoidModernSyntax":false,"enforceStrictMode":false,"dynamicImport":true,"generateLetDeclarations":true}},{"key":"transform-runtime","visitor":{"CallExpression":{"enter":[null]},"BinaryExpression":{"enter":[null]},"MemberExpression":{"enter":[null],"exit":[null]},"_exploded":true,"_verified":true,"Identifier":{"enter":[null]},"JSXIdentifier":{"enter":[null]}},"options":{"version":"7.9.2","helpers":true,"useESModules":false,"corejs":false}},{"key":"syntax-object-rest-spread","visitor":{"_exploded":true,"_verified":true},"options":{}},{"key":"proposal-object-rest-spread","visitor":{"_exploded":{},"_verified":{},"VariableDeclarator":{"enter":[null]},"ExportNamedDeclaration":{"enter":[null]},"CatchClause":{"enter":[null]},"AssignmentExpression":{"enter":[null]},"ArrayPattern":{"enter":[null]},"ObjectExpression":{"enter":[null]},"FunctionDeclaration":{"enter":[null]},"FunctionExpression":{"enter":[null]},"ObjectMethod":{"enter":[null]},"ArrowFunctionExpression":{"enter":[null]},"ClassMethod":{"enter":[null]},"ClassPrivateMethod":{"enter":[null]},"ForInStatement":{"enter":[null]},"ForOfStatement":{"enter":[null]}},"options":{}},{"key":"transform-meteor-async-await","visitor":{"AwaitExpression":{"enter":[null]},"_exploded":true,"_verified":true,"FunctionDeclaration":{"exit":[null]},"FunctionExpression":{"exit":[null]},"ObjectMethod":{"exit":[null]},"ArrowFunctionExpression":{"exit":[null]},"ClassMethod":{"exit":[null]},"ClassPrivateMethod":{"exit":[null]}},"options":{"useNativeAsyncAwait":false}},{"key":"proposal-async-generator-functions","visitor":{"_exploded":{},"_verified":{},"Program":{"enter":[null]}},"options":{}},{"key":"proposal-class-properties","visitor":{"PrivateName":{"enter":[null]},"ExportDefaultDeclaration":{"enter":[null]},"_exploded":true,"_verified":true,"ClassExpression":{"enter":[null]},"ClassDeclaration":{"enter":[null]}},"options":{"loose":true}},{"key":"transform-react-jsx","visitor":{"_exploded":{},"_verified":{},"JSXNamespacedName":{"enter":[null]},"JSXSpreadChild":{"enter":[null]},"JSXElement":{"exit":[null]},"JSXFragment":{"exit":[null]},"Program":{"enter":[null],"exit":[null]},"JSXAttribute":{"enter":[null]}},"options":{"pragma":"React.createElement","pragmaFrag":"React.Fragment","runtime":"classic","throwIfNamespace":true,"useBuiltIns":false}},{"key":"transform-react-display-name","visitor":{"ExportDefaultDeclaration":{"enter":[null]},"CallExpression":{"enter":[null]},"_exploded":true,"_verified":true},"options":{}},{"key":"syntax-nullish-coalescing-operator","visitor":{"_exploded":true,"_verified":true},"options":{}},{"key":"proposal-nullish-coalescing-operator","visitor":{"_exploded":{},"_verified":{},"LogicalExpression":{"enter":[null]}},"options":{}},{"key":"syntax-optional-chaining","visitor":{"_exploded":true,"_verified":true},"options":{}},{"key":"proposal-optional-chaining","visitor":{"_exploded":{},"_verified":{},"OptionalCallExpression":{"enter":[null]},"OptionalMemberExpression":{"enter":[null]}},"options":{}},{"key":"syntax-optional-catch-binding","visitor":{"_exploded":true,"_verified":true},"options":{}},{"key":"proposal-optional-catch-binding","visitor":{"_exploded":{},"_verified":{},"CatchClause":{"enter":[null]}},"options":{}},{"key":"syntax-class-properties","visitor":{"_exploded":true,"_verified":true},"options":{}},{"key":"proposal-class-properties","visitor":{"PrivateName":{"enter":[null]},"ExportDefaultDeclaration":{"enter":[null]},"_exploded":true,"_verified":true,"ClassExpression":{"enter":[null]},"ClassDeclaration":{"enter":[null]}},"options":{}},{"key":"syntax-async-generators","visitor":{"_exploded":true,"_verified":true},"options":{}},{"key":"proposal-async-generator-functions","visitor":{"_exploded":{},"_verified":{},"Program":{"enter":[null]}},"options":{}},{"key":"syntax-object-rest-spread","visitor":{"_exploded":true,"_verified":true},"options":{}},{"key":"proposal-object-rest-spread","visitor":{"_exploded":{},"_verified":{},"VariableDeclarator":{"enter":[null]},"ExportNamedDeclaration":{"enter":[null]},"CatchClause":{"enter":[null]},"AssignmentExpression":{"enter":[null]},"ArrayPattern":{"enter":[null]},"ObjectExpression":{"enter":[null]},"FunctionDeclaration":{"enter":[null]},"FunctionExpression":{"enter":[null]},"ObjectMethod":{"enter":[null]},"ArrowFunctionExpression":{"enter":[null]},"ClassMethod":{"enter":[null]},"ClassPrivateMethod":{"enter":[null]},"ForInStatement":{"enter":[null]},"ForOfStatement":{"enter":[null]}},"options":{}},{"key":"transform-literals","visitor":{"NumericLiteral":{"enter":[null]},"StringLiteral":{"enter":[null]},"_exploded":true,"_verified":true},"options":{}},{"key":"transform-template-literals","visitor":{"TaggedTemplateExpression":{"enter":[null]},"TemplateLiteral":{"enter":[null]},"_exploded":true,"_verified":true},"options":{}},{"key":"transform-parameters","visitor":{"_exploded":true,"_verified":true,"FunctionDeclaration":{"enter":[null]},"FunctionExpression":{"enter":[null]},"ObjectMethod":{"enter":[null]},"ArrowFunctionExpression":{"enter":[null]},"ClassMethod":{"enter":[null]},"ClassPrivateMethod":{"enter":[null]}},"options":{}},{"key":"transform-exponentiation-operator","visitor":{"AssignmentExpression":{"enter":[null]},"BinaryExpression":{"enter":[null]},"_exploded":true,"_verified":true},"options":{}}],"presets":[],"generatorOpts":{"filename":"/home/leeaus/FinalExam/FinalAssign/client/packages/random/NodeRandomGenerator.js","comments":true,"compact":false,"sourceMaps":true,"sourceFileName":"packages/random/NodeRandomGenerator.js"}},"code":"module.export({\n  default: () => NodeRandomGenerator\n});\nlet crypto;\nmodule.link(\"crypto\", {\n  default(v) {\n    crypto = v;\n  }\n\n}, 0);\nlet RandomGenerator;\nmodule.link(\"./AbstractRandomGenerator\", {\n  default(v) {\n    RandomGenerator = v;\n  }\n\n}, 1);\n\nclass NodeRandomGenerator extends RandomGenerator {\n  /**\n   * @name Random.fraction\n   * @summary Return a number between 0 and 1, like `Math.random`.\n   * @locus Anywhere\n   */\n  fraction() {\n    const numerator = Number.parseInt(this.hexString(8), 16);\n    return numerator * 2.3283064365386963e-10; // 2^-3;\n  }\n  /**\n   * @name Random.hexString\n   * @summary Return a random string of `n` hexadecimal digits.\n   * @locus Anywhere\n   * @param {Number} n Length of the string\n   */\n\n\n  hexString(digits) {\n    const numBytes = Math.ceil(digits / 2);\n    let bytes; // Try to get cryptographically strong randomness. Fall back to\n    // non-cryptographically strong if not available.\n\n    try {\n      bytes = crypto.randomBytes(numBytes);\n    } catch (e) {\n      // XXX should re-throw any error except insufficient entropy\n      bytes = crypto.pseudoRandomBytes(numBytes);\n    }\n\n    const result = bytes.toString('hex'); // If the number of digits is odd, we'll have generated an extra 4 bits\n    // of randomness, so we need to trim the last digit.\n\n    return result.substring(0, digits);\n  }\n\n}","map":{"version":3,"sources":["packages/random/NodeRandomGenerator.js"],"names":["module","export","default","NodeRandomGenerator","crypto","link","v","RandomGenerator","fraction","numerator","Number","parseInt","hexString","digits","numBytes","Math","ceil","bytes","randomBytes","e","pseudoRandomBytes","result","toString","substring"],"mappings":"AAAAA,MAAM,CAACC,MAAP,CAAc;AAACC,EAAAA,OAAO,EAAC,MAAIC;AAAb,CAAd;AAAiD,IAAIC,MAAJ;AAAWJ,MAAM,CAACK,IAAP,CAAY,QAAZ,EAAqB;AAACH,EAAAA,OAAO,CAACI,CAAD,EAAG;AAACF,IAAAA,MAAM,GAACE,CAAP;AAAS;;AAArB,CAArB,EAA4C,CAA5C;AAA+C,IAAIC,eAAJ;AAAoBP,MAAM,CAACK,IAAP,CAAY,2BAAZ,EAAwC;AAACH,EAAAA,OAAO,CAACI,CAAD,EAAG;AAACC,IAAAA,eAAe,GAACD,CAAhB;AAAkB;;AAA9B,CAAxC,EAAwE,CAAxE;;AAGhH,MAAMH,mBAAN,SAAkCI,eAAlC,CAAkD;AAC/D;;;;;AAKAC,EAAAA,QAAQ,GAAI;AACV,UAAMC,SAAS,GAAGC,MAAM,CAACC,QAAP,CAAgB,KAAKC,SAAL,CAAe,CAAf,CAAhB,EAAmC,EAAnC,CAAlB;AACA,WAAOH,SAAS,GAAG,sBAAnB,CAFU,CAEiC;AAC5C;AAED;;;;;;;;AAMAG,EAAAA,SAAS,CAAEC,MAAF,EAAU;AACjB,UAAMC,QAAQ,GAAGC,IAAI,CAACC,IAAL,CAAUH,MAAM,GAAG,CAAnB,CAAjB;AACA,QAAII,KAAJ,CAFiB,CAGjB;AACA;;AACA,QAAI;AACFA,MAAAA,KAAK,GAAGb,MAAM,CAACc,WAAP,CAAmBJ,QAAnB,CAAR;AACD,KAFD,CAEE,OAAOK,CAAP,EAAU;AACV;AACAF,MAAAA,KAAK,GAAGb,MAAM,CAACgB,iBAAP,CAAyBN,QAAzB,CAAR;AACD;;AACD,UAAMO,MAAM,GAAGJ,KAAK,CAACK,QAAN,CAAe,KAAf,CAAf,CAXiB,CAYjB;AACA;;AACA,WAAOD,MAAM,CAACE,SAAP,CAAiB,CAAjB,EAAoBV,MAApB,CAAP;AACD;;AAhC8D","sourcesContent":["import crypto from 'crypto';\nimport RandomGenerator from './AbstractRandomGenerator';\n\nexport default class NodeRandomGenerator extends RandomGenerator {\n  /**\n   * @name Random.fraction\n   * @summary Return a number between 0 and 1, like `Math.random`.\n   * @locus Anywhere\n   */\n  fraction () {\n    const numerator = Number.parseInt(this.hexString(8), 16);\n    return numerator * 2.3283064365386963e-10; // 2^-3;\n  }\n\n  /**\n   * @name Random.hexString\n   * @summary Return a random string of `n` hexadecimal digits.\n   * @locus Anywhere\n   * @param {Number} n Length of the string\n   */\n  hexString (digits) {\n    const numBytes = Math.ceil(digits / 2);\n    let bytes;\n    // Try to get cryptographically strong randomness. Fall back to\n    // non-cryptographically strong if not available.\n    try {\n      bytes = crypto.randomBytes(numBytes);\n    } catch (e) {\n      // XXX should re-throw any error except insufficient entropy\n      bytes = crypto.pseudoRandomBytes(numBytes);\n    }\n    const result = bytes.toString('hex');\n    // If the number of digits is odd, we'll have generated an extra 4 bits\n    // of randomness, so we need to trim the last digit.\n    return result.substring(0, digits);\n  }\n}\n"]},"sourceType":"module","hash":"01c09c6679425e9ceed47de7badc24e3b4a28b89"}
