{"metadata":{},"options":{"compact":false,"sourceMaps":true,"ast":true,"babelrc":false,"configFile":false,"parserOpts":{"sourceType":"module","sourceFileName":"/home/leeaus/FinalExam/FinalAssign/client/packages/ddp-common/method_invocation.js","plugins":["*","flow","jsx","asyncGenerators","bigInt","classPrivateMethods","classPrivateProperties","classProperties","doExpressions","dynamicImport","exportDefaultFrom","exportExtensions","exportNamespaceFrom","functionBind","functionSent","importMeta","nullishCoalescingOperator","numericSeparator","objectRestSpread","optionalCatchBinding","optionalChaining",["pipelineOperator",{"proposal":"minimal"}],"throwExpressions","objectRestSpread","objectRestSpread","asyncGenerators","classProperties","classPrivateProperties","jsx","nullishCoalescingOperator","nullishCoalescingOperator","optionalChaining","optionalChaining","optionalCatchBinding","optionalCatchBinding","classProperties","classPrivateProperties","classPrivateMethods","classProperties","classPrivateProperties","asyncGenerators","asyncGenerators","objectRestSpread","objectRestSpread"],"allowImportExportEverywhere":true,"allowReturnOutsideFunction":true,"allowUndeclaredExports":true,"strictMode":false},"caller":{"name":"meteor","arch":"os.linux.x86_64"},"sourceFileName":"packages/ddp-common/method_invocation.js","filename":"/home/leeaus/FinalExam/FinalAssign/client/packages/ddp-common/method_invocation.js","passPerPreset":false,"envName":"development","cwd":"/home/leeaus/FinalExam/FinalAssign/client","root":"/home/leeaus/FinalExam/FinalAssign/client","plugins":[{"key":"base$0","visitor":{"_exploded":true,"_verified":true},"options":{}},{"key":"base$0$0","visitor":{"Program":{"enter":[null],"exit":[null]},"_exploded":true,"_verified":true},"options":{"avoidModernSyntax":false,"enforceStrictMode":false,"dynamicImport":true,"generateLetDeclarations":true}},{"key":"transform-runtime","visitor":{"CallExpression":{"enter":[null]},"BinaryExpression":{"enter":[null]},"MemberExpression":{"enter":[null],"exit":[null]},"_exploded":true,"_verified":true,"Identifier":{"enter":[null]},"JSXIdentifier":{"enter":[null]}},"options":{"version":"7.9.2","helpers":true,"useESModules":false,"corejs":false}},{"key":"syntax-object-rest-spread","visitor":{"_exploded":true,"_verified":true},"options":{}},{"key":"proposal-object-rest-spread","visitor":{"_exploded":{},"_verified":{},"VariableDeclarator":{"enter":[null]},"ExportNamedDeclaration":{"enter":[null]},"CatchClause":{"enter":[null]},"AssignmentExpression":{"enter":[null]},"ArrayPattern":{"enter":[null]},"ObjectExpression":{"enter":[null]},"FunctionDeclaration":{"enter":[null]},"FunctionExpression":{"enter":[null]},"ObjectMethod":{"enter":[null]},"ArrowFunctionExpression":{"enter":[null]},"ClassMethod":{"enter":[null]},"ClassPrivateMethod":{"enter":[null]},"ForInStatement":{"enter":[null]},"ForOfStatement":{"enter":[null]}},"options":{}},{"key":"transform-meteor-async-await","visitor":{"AwaitExpression":{"enter":[null]},"_exploded":true,"_verified":true,"FunctionDeclaration":{"exit":[null]},"FunctionExpression":{"exit":[null]},"ObjectMethod":{"exit":[null]},"ArrowFunctionExpression":{"exit":[null]},"ClassMethod":{"exit":[null]},"ClassPrivateMethod":{"exit":[null]}},"options":{"useNativeAsyncAwait":false}},{"key":"proposal-async-generator-functions","visitor":{"_exploded":{},"_verified":{},"Program":{"enter":[null]}},"options":{}},{"key":"proposal-class-properties","visitor":{"PrivateName":{"enter":[null]},"ExportDefaultDeclaration":{"enter":[null]},"_exploded":true,"_verified":true,"ClassExpression":{"enter":[null]},"ClassDeclaration":{"enter":[null]}},"options":{"loose":true}},{"key":"transform-react-jsx","visitor":{"_exploded":{},"_verified":{},"JSXNamespacedName":{"enter":[null]},"JSXSpreadChild":{"enter":[null]},"JSXElement":{"exit":[null]},"JSXFragment":{"exit":[null]},"Program":{"enter":[null],"exit":[null]},"JSXAttribute":{"enter":[null]}},"options":{"pragma":"React.createElement","pragmaFrag":"React.Fragment","runtime":"classic","throwIfNamespace":true,"useBuiltIns":false}},{"key":"transform-react-display-name","visitor":{"ExportDefaultDeclaration":{"enter":[null]},"CallExpression":{"enter":[null]},"_exploded":true,"_verified":true},"options":{}},{"key":"syntax-nullish-coalescing-operator","visitor":{"_exploded":true,"_verified":true},"options":{}},{"key":"proposal-nullish-coalescing-operator","visitor":{"_exploded":{},"_verified":{},"LogicalExpression":{"enter":[null]}},"options":{}},{"key":"syntax-optional-chaining","visitor":{"_exploded":true,"_verified":true},"options":{}},{"key":"proposal-optional-chaining","visitor":{"_exploded":{},"_verified":{},"OptionalCallExpression":{"enter":[null]},"OptionalMemberExpression":{"enter":[null]}},"options":{}},{"key":"syntax-optional-catch-binding","visitor":{"_exploded":true,"_verified":true},"options":{}},{"key":"proposal-optional-catch-binding","visitor":{"_exploded":{},"_verified":{},"CatchClause":{"enter":[null]}},"options":{}},{"key":"syntax-class-properties","visitor":{"_exploded":true,"_verified":true},"options":{}},{"key":"proposal-class-properties","visitor":{"PrivateName":{"enter":[null]},"ExportDefaultDeclaration":{"enter":[null]},"_exploded":true,"_verified":true,"ClassExpression":{"enter":[null]},"ClassDeclaration":{"enter":[null]}},"options":{}},{"key":"syntax-async-generators","visitor":{"_exploded":true,"_verified":true},"options":{}},{"key":"proposal-async-generator-functions","visitor":{"_exploded":{},"_verified":{},"Program":{"enter":[null]}},"options":{}},{"key":"syntax-object-rest-spread","visitor":{"_exploded":true,"_verified":true},"options":{}},{"key":"proposal-object-rest-spread","visitor":{"_exploded":{},"_verified":{},"VariableDeclarator":{"enter":[null]},"ExportNamedDeclaration":{"enter":[null]},"CatchClause":{"enter":[null]},"AssignmentExpression":{"enter":[null]},"ArrayPattern":{"enter":[null]},"ObjectExpression":{"enter":[null]},"FunctionDeclaration":{"enter":[null]},"FunctionExpression":{"enter":[null]},"ObjectMethod":{"enter":[null]},"ArrowFunctionExpression":{"enter":[null]},"ClassMethod":{"enter":[null]},"ClassPrivateMethod":{"enter":[null]},"ForInStatement":{"enter":[null]},"ForOfStatement":{"enter":[null]}},"options":{}},{"key":"transform-literals","visitor":{"NumericLiteral":{"enter":[null]},"StringLiteral":{"enter":[null]},"_exploded":true,"_verified":true},"options":{}},{"key":"transform-template-literals","visitor":{"TaggedTemplateExpression":{"enter":[null]},"TemplateLiteral":{"enter":[null]},"_exploded":true,"_verified":true},"options":{}},{"key":"transform-parameters","visitor":{"_exploded":true,"_verified":true,"FunctionDeclaration":{"enter":[null]},"FunctionExpression":{"enter":[null]},"ObjectMethod":{"enter":[null]},"ArrowFunctionExpression":{"enter":[null]},"ClassMethod":{"enter":[null]},"ClassPrivateMethod":{"enter":[null]}},"options":{}},{"key":"transform-exponentiation-operator","visitor":{"AssignmentExpression":{"enter":[null]},"BinaryExpression":{"enter":[null]},"_exploded":true,"_verified":true},"options":{}}],"presets":[],"generatorOpts":{"filename":"/home/leeaus/FinalExam/FinalAssign/client/packages/ddp-common/method_invocation.js","comments":true,"compact":false,"sourceMaps":true,"sourceFileName":"packages/ddp-common/method_invocation.js"}},"code":"// Instance name is this because it is usually referred to as this inside a\n// method definition\n\n/**\n * @summary The state for a single invocation of a method, referenced by this\n * inside a method definition.\n * @param {Object} options\n * @instanceName this\n * @showInstanceName true\n */\nDDPCommon.MethodInvocation = class MethodInvocation {\n  constructor(options) {\n    // true if we're running not the actual method, but a stub (that is,\n    // if we're on a client (which may be a browser, or in the future a\n    // server connecting to another server) and presently running a\n    // simulation of a server-side method for latency compensation\n    // purposes). not currently true except in a client such as a browser,\n    // since there's usually no point in running stubs unless you have a\n    // zero-latency connection to the user.\n\n    /**\n     * @summary Access inside a method invocation.  Boolean value, true if this invocation is a stub.\n     * @locus Anywhere\n     * @name  isSimulation\n     * @memberOf DDPCommon.MethodInvocation\n     * @instance\n     * @type {Boolean}\n     */\n    this.isSimulation = options.isSimulation; // call this function to allow other method invocations (from the\n    // same client) to continue running without waiting for this one to\n    // complete.\n\n    this._unblock = options.unblock || function () {};\n\n    this._calledUnblock = false; // current user id\n\n    /**\n     * @summary The id of the user that made this method call, or `null` if no user was logged in.\n     * @locus Anywhere\n     * @name  userId\n     * @memberOf DDPCommon.MethodInvocation\n     * @instance\n     */\n\n    this.userId = options.userId; // sets current user id in all appropriate server contexts and\n    // reruns subscriptions\n\n    this._setUserId = options.setUserId || function () {}; // On the server, the connection this method call came in on.\n\n    /**\n     * @summary Access inside a method invocation. The [connection](#meteor_onconnection) that this method was received on. `null` if the method is not associated with a connection, eg. a server initiated method call. Calls to methods made from a server method which was in turn initiated from the client share the same `connection`.\n     * @locus Server\n     * @name  connection\n     * @memberOf DDPCommon.MethodInvocation\n     * @instance\n     */\n\n\n    this.connection = options.connection; // The seed for randomStream value generation\n\n    this.randomSeed = options.randomSeed; // This is set by RandomStream.get; and holds the random stream state\n\n    this.randomStream = null;\n  }\n  /**\n   * @summary Call inside a method invocation.  Allow subsequent method from this client to begin running in a new fiber.\n   * @locus Server\n   * @memberOf DDPCommon.MethodInvocation\n   * @instance\n   */\n\n\n  unblock() {\n    this._calledUnblock = true;\n\n    this._unblock();\n  }\n  /**\n   * @summary Set the logged in user.\n   * @locus Server\n   * @memberOf DDPCommon.MethodInvocation\n   * @instance\n   * @param {String | null} userId The value that should be returned by `userId` on this connection.\n   */\n\n\n  setUserId(userId) {\n    if (this._calledUnblock) {\n      throw new Error(\"Can't call setUserId in a method after calling unblock\");\n    }\n\n    this.userId = userId;\n\n    this._setUserId(userId);\n  }\n\n};","map":{"version":3,"sources":["packages/ddp-common/method_invocation.js"],"names":["DDPCommon","MethodInvocation","constructor","options","isSimulation","_unblock","unblock","_calledUnblock","userId","_setUserId","setUserId","connection","randomSeed","randomStream","Error"],"mappings":"AAAA;AACA;;AACA;;;;;;;AAOAA,SAAS,CAACC,gBAAV,GAA6B,MAAMA,gBAAN,CAAuB;AAClDC,EAAAA,WAAW,CAACC,OAAD,EAAU;AACnB;AACA;AACA;AACA;AACA;AACA;AACA;;AAEA;;;;;;;;AAQA,SAAKC,YAAL,GAAoBD,OAAO,CAACC,YAA5B,CAjBmB,CAmBnB;AACA;AACA;;AACA,SAAKC,QAAL,GAAgBF,OAAO,CAACG,OAAR,IAAmB,YAAY,CAAE,CAAjD;;AACA,SAAKC,cAAL,GAAsB,KAAtB,CAvBmB,CAyBnB;;AAEA;;;;;;;;AAOA,SAAKC,MAAL,GAAcL,OAAO,CAACK,MAAtB,CAlCmB,CAoCnB;AACA;;AACA,SAAKC,UAAL,GAAkBN,OAAO,CAACO,SAAR,IAAqB,YAAY,CAAE,CAArD,CAtCmB,CAwCnB;;AAEA;;;;;;;;;AAOA,SAAKC,UAAL,GAAkBR,OAAO,CAACQ,UAA1B,CAjDmB,CAmDnB;;AACA,SAAKC,UAAL,GAAkBT,OAAO,CAACS,UAA1B,CApDmB,CAsDnB;;AACA,SAAKC,YAAL,GAAoB,IAApB;AACD;AAED;;;;;;;;AAMAP,EAAAA,OAAO,GAAG;AACR,SAAKC,cAAL,GAAsB,IAAtB;;AACA,SAAKF,QAAL;AACD;AAED;;;;;;;;;AAOAK,EAAAA,SAAS,CAACF,MAAD,EAAS;AAChB,QAAI,KAAKD,cAAT,EAAyB;AACvB,YAAM,IAAIO,KAAJ,CAAU,wDAAV,CAAN;AACD;;AACD,SAAKN,MAAL,GAAcA,MAAd;;AACA,SAAKC,UAAL,CAAgBD,MAAhB;AACD;;AAnFiD,CAApD","sourcesContent":["// Instance name is this because it is usually referred to as this inside a\n// method definition\n/**\n * @summary The state for a single invocation of a method, referenced by this\n * inside a method definition.\n * @param {Object} options\n * @instanceName this\n * @showInstanceName true\n */\nDDPCommon.MethodInvocation = class MethodInvocation {\n  constructor(options) {\n    // true if we're running not the actual method, but a stub (that is,\n    // if we're on a client (which may be a browser, or in the future a\n    // server connecting to another server) and presently running a\n    // simulation of a server-side method for latency compensation\n    // purposes). not currently true except in a client such as a browser,\n    // since there's usually no point in running stubs unless you have a\n    // zero-latency connection to the user.\n\n    /**\n     * @summary Access inside a method invocation.  Boolean value, true if this invocation is a stub.\n     * @locus Anywhere\n     * @name  isSimulation\n     * @memberOf DDPCommon.MethodInvocation\n     * @instance\n     * @type {Boolean}\n     */\n    this.isSimulation = options.isSimulation;\n\n    // call this function to allow other method invocations (from the\n    // same client) to continue running without waiting for this one to\n    // complete.\n    this._unblock = options.unblock || function () {};\n    this._calledUnblock = false;\n\n    // current user id\n\n    /**\n     * @summary The id of the user that made this method call, or `null` if no user was logged in.\n     * @locus Anywhere\n     * @name  userId\n     * @memberOf DDPCommon.MethodInvocation\n     * @instance\n     */\n    this.userId = options.userId;\n\n    // sets current user id in all appropriate server contexts and\n    // reruns subscriptions\n    this._setUserId = options.setUserId || function () {};\n\n    // On the server, the connection this method call came in on.\n\n    /**\n     * @summary Access inside a method invocation. The [connection](#meteor_onconnection) that this method was received on. `null` if the method is not associated with a connection, eg. a server initiated method call. Calls to methods made from a server method which was in turn initiated from the client share the same `connection`.\n     * @locus Server\n     * @name  connection\n     * @memberOf DDPCommon.MethodInvocation\n     * @instance\n     */\n    this.connection = options.connection;\n\n    // The seed for randomStream value generation\n    this.randomSeed = options.randomSeed;\n\n    // This is set by RandomStream.get; and holds the random stream state\n    this.randomStream = null;\n  }\n\n  /**\n   * @summary Call inside a method invocation.  Allow subsequent method from this client to begin running in a new fiber.\n   * @locus Server\n   * @memberOf DDPCommon.MethodInvocation\n   * @instance\n   */\n  unblock() {\n    this._calledUnblock = true;\n    this._unblock();\n  }\n\n  /**\n   * @summary Set the logged in user.\n   * @locus Server\n   * @memberOf DDPCommon.MethodInvocation\n   * @instance\n   * @param {String | null} userId The value that should be returned by `userId` on this connection.\n   */\n  setUserId(userId) {\n    if (this._calledUnblock) {\n      throw new Error(\"Can't call setUserId in a method after calling unblock\");\n    }\n    this.userId = userId;\n    this._setUserId(userId);\n  }\n};\n"]},"sourceType":"module","hash":"7ac01032afb3aad30f7c52260ccb89d1c9d7c623"}
