{"metadata":{},"options":{"compact":false,"sourceMaps":true,"ast":true,"babelrc":false,"configFile":false,"parserOpts":{"sourceType":"module","sourceFileName":"/home/leeaus/FinalExam/FinalAssign/client/packages/ejson/utils.js","plugins":["*","flow","jsx","asyncGenerators","bigInt","classPrivateMethods","classPrivateProperties","classProperties","doExpressions","dynamicImport","exportDefaultFrom","exportExtensions","exportNamespaceFrom","functionBind","functionSent","importMeta","nullishCoalescingOperator","numericSeparator","objectRestSpread","optionalCatchBinding","optionalChaining",["pipelineOperator",{"proposal":"minimal"}],"throwExpressions","classProperties","classPrivateProperties","jsx","nullishCoalescingOperator","nullishCoalescingOperator","optionalChaining","optionalChaining","optionalCatchBinding","optionalCatchBinding","classProperties","classPrivateProperties","classPrivateMethods","classProperties","classPrivateProperties","asyncGenerators","asyncGenerators","objectRestSpread","objectRestSpread"],"allowImportExportEverywhere":true,"allowReturnOutsideFunction":true,"allowUndeclaredExports":true,"strictMode":false},"caller":{"name":"meteor","arch":"web.browser.legacy"},"sourceFileName":"packages/ejson/utils.js","filename":"/home/leeaus/FinalExam/FinalAssign/client/packages/ejson/utils.js","passPerPreset":false,"envName":"development","cwd":"/home/leeaus/FinalExam/FinalAssign/client","root":"/home/leeaus/FinalExam/FinalAssign/client","plugins":[{"key":"base$0","visitor":{"_exploded":true,"_verified":true},"options":{}},{"key":"base$0$0","visitor":{"Program":{"enter":[null],"exit":[null]},"_exploded":true,"_verified":true},"options":{"avoidModernSyntax":true,"enforceStrictMode":false,"dynamicImport":true}},{"key":"transform-runtime","visitor":{"CallExpression":{"enter":[null]},"BinaryExpression":{"enter":[null]},"MemberExpression":{"enter":[null],"exit":[null]},"_exploded":true,"_verified":true,"Identifier":{"enter":[null]},"JSXIdentifier":{"enter":[null]}},"options":{"version":"7.9.2","helpers":true,"useESModules":false,"corejs":false}},{"key":"proposal-class-properties","visitor":{"PrivateName":{"enter":[null]},"ExportDefaultDeclaration":{"enter":[null]},"_exploded":true,"_verified":true,"ClassExpression":{"enter":[null]},"ClassDeclaration":{"enter":[null]}},"options":{"loose":true}},{"key":"base$0$3","visitor":{"FunctionExpression":{"exit":[null]},"_exploded":true,"_verified":true},"options":{}},{"key":"base$0$4","visitor":{"ForInStatement":{"enter":[null]},"_exploded":true,"_verified":true},"options":{}},{"key":"transform-react-jsx","visitor":{"_exploded":{},"_verified":{},"JSXNamespacedName":{"enter":[null]},"JSXSpreadChild":{"enter":[null]},"JSXElement":{"exit":[null]},"JSXFragment":{"exit":[null]},"Program":{"enter":[null],"exit":[null]},"JSXAttribute":{"enter":[null]}},"options":{"pragma":"React.createElement","pragmaFrag":"React.Fragment","runtime":"classic","throwIfNamespace":true,"useBuiltIns":false}},{"key":"transform-react-display-name","visitor":{"ExportDefaultDeclaration":{"enter":[null]},"CallExpression":{"enter":[null]},"_exploded":true,"_verified":true},"options":{}},{"key":"syntax-nullish-coalescing-operator","visitor":{"_exploded":true,"_verified":true},"options":{}},{"key":"proposal-nullish-coalescing-operator","visitor":{"_exploded":{},"_verified":{},"LogicalExpression":{"enter":[null]}},"options":{}},{"key":"syntax-optional-chaining","visitor":{"_exploded":true,"_verified":true},"options":{}},{"key":"proposal-optional-chaining","visitor":{"_exploded":{},"_verified":{},"OptionalCallExpression":{"enter":[null]},"OptionalMemberExpression":{"enter":[null]}},"options":{}},{"key":"syntax-optional-catch-binding","visitor":{"_exploded":true,"_verified":true},"options":{}},{"key":"proposal-optional-catch-binding","visitor":{"_exploded":{},"_verified":{},"CatchClause":{"enter":[null]}},"options":{}},{"key":"syntax-class-properties","visitor":{"_exploded":true,"_verified":true},"options":{}},{"key":"proposal-class-properties","visitor":{"PrivateName":{"enter":[null]},"ExportDefaultDeclaration":{"enter":[null]},"_exploded":true,"_verified":true,"ClassExpression":{"enter":[null]},"ClassDeclaration":{"enter":[null]}},"options":{}},{"key":"syntax-async-generators","visitor":{"_exploded":true,"_verified":true},"options":{}},{"key":"proposal-async-generator-functions","visitor":{"_exploded":{},"_verified":{},"Program":{"enter":[null]}},"options":{}},{"key":"syntax-object-rest-spread","visitor":{"_exploded":true,"_verified":true},"options":{}},{"key":"proposal-object-rest-spread","visitor":{"_exploded":{},"_verified":{},"VariableDeclarator":{"enter":[null]},"ExportNamedDeclaration":{"enter":[null]},"CatchClause":{"enter":[null]},"AssignmentExpression":{"enter":[null]},"ArrayPattern":{"enter":[null]},"ObjectExpression":{"enter":[null]},"FunctionDeclaration":{"enter":[null]},"FunctionExpression":{"enter":[null]},"ObjectMethod":{"enter":[null]},"ArrowFunctionExpression":{"enter":[null]},"ClassMethod":{"enter":[null]},"ClassPrivateMethod":{"enter":[null]},"ForInStatement":{"enter":[null]},"ForOfStatement":{"enter":[null]}},"options":{}},{"key":"transform-arrow-functions","visitor":{"ArrowFunctionExpression":{"enter":[null]},"_exploded":true,"_verified":true},"options":{}},{"key":"transform-block-scoped-functions","visitor":{"BlockStatement":{"enter":[null]},"SwitchCase":{"enter":[null]},"_exploded":true,"_verified":true},"options":{}},{"key":"transform-block-scoping","visitor":{"VariableDeclaration":{"enter":[null]},"CatchClause":{"enter":[null]},"_exploded":true,"BlockStatement":{"enter":[null]},"SwitchStatement":{"enter":[null]},"Program":{"enter":[null]},"_verified":true,"DoWhileStatement":{"enter":[null]},"ForInStatement":{"enter":[null]},"ForStatement":{"enter":[null]},"WhileStatement":{"enter":[null]},"ForOfStatement":{"enter":[null]}},"options":{}},{"key":"transform-classes","visitor":{"ExportDefaultDeclaration":{"enter":[null]},"ClassDeclaration":{"enter":[null]},"ClassExpression":{"enter":[null]},"_exploded":true,"_verified":true},"options":{"loose":true}},{"key":"transform-computed-properties","visitor":{"ObjectExpression":{"exit":[null]},"_exploded":true,"_verified":true},"options":{"loose":true}},{"key":"transform-destructuring","visitor":{"ExportNamedDeclaration":{"enter":[null]},"CatchClause":{"enter":[null]},"AssignmentExpression":{"enter":[null]},"VariableDeclaration":{"enter":[null]},"_exploded":true,"_verified":true,"ForInStatement":{"enter":[null]},"ForOfStatement":{"enter":[null]}},"options":{}},{"key":"transform-for-of","visitor":{"ForOfStatement":{"enter":[null]},"_exploded":true,"_verified":true},"options":{"loose":true}},{"key":"transform-literals","visitor":{"NumericLiteral":{"enter":[null]},"StringLiteral":{"enter":[null]},"_exploded":true,"_verified":true},"options":{}},{"key":"transform-object-super","visitor":{"ObjectExpression":{"enter":[null]},"_exploded":true,"_verified":true},"options":{}},{"key":"transform-parameters","visitor":{"_exploded":true,"_verified":true,"FunctionDeclaration":{"enter":[null]},"FunctionExpression":{"enter":[null]},"ObjectMethod":{"enter":[null]},"ArrowFunctionExpression":{"enter":[null]},"ClassMethod":{"enter":[null]},"ClassPrivateMethod":{"enter":[null]}},"options":{}},{"key":"transform-shorthand-properties","visitor":{"ObjectMethod":{"enter":[null]},"ObjectProperty":{"enter":[null]},"_exploded":true,"_verified":true},"options":{}},{"key":"transform-spread","visitor":{"ArrayExpression":{"enter":[null]},"CallExpression":{"enter":[null]},"NewExpression":{"enter":[null]},"_exploded":true,"_verified":true},"options":{}},{"key":"transform-sticky-regex","visitor":{"RegExpLiteral":{"enter":[null]},"_exploded":true,"_verified":true},"options":{}},{"key":"transform-template-literals","visitor":{"TaggedTemplateExpression":{"enter":[null]},"TemplateLiteral":{"enter":[null]},"_exploded":true,"_verified":true},"options":{"loose":true}},{"key":"transform-typeof-symbol","visitor":{"UnaryExpression":{"enter":[null]},"_exploded":true,"_verified":true,"BlockStatement":{"enter":[null]},"CatchClause":{"enter":[null]},"DoWhileStatement":{"enter":[null]},"ForInStatement":{"enter":[null]},"ForStatement":{"enter":[null]},"FunctionDeclaration":{"enter":[null]},"FunctionExpression":{"enter":[null]},"Program":{"enter":[null]},"ObjectMethod":{"enter":[null]},"SwitchStatement":{"enter":[null]},"WhileStatement":{"enter":[null]},"ArrowFunctionExpression":{"enter":[null]},"ClassExpression":{"enter":[null]},"ClassDeclaration":{"enter":[null]},"ForOfStatement":{"enter":[null]},"ClassMethod":{"enter":[null]},"ClassPrivateMethod":{"enter":[null]},"TSModuleBlock":{"enter":[null]},"AssignmentPattern":{"enter":[null]},"ArrayPattern":{"enter":[null]},"ObjectPattern":{"enter":[null]}},"options":{}},{"key":"transform-unicode-regex","visitor":{"RegExpLiteral":{"enter":[null]},"_exploded":true,"_verified":true},"options":{}},{"key":"transform-property-literals","visitor":{"ObjectProperty":{"exit":[null]},"_exploded":true,"_verified":true},"options":{}},{"key":"transform-exponentiation-operator","visitor":{"AssignmentExpression":{"enter":[null]},"BinaryExpression":{"enter":[null]},"_exploded":true,"_verified":true},"options":{}},{"key":"regenerator-transform","visitor":{"_exploded":true,"_verified":true,"ObjectMethod":{"enter":[null],"exit":[null]},"ClassMethod":{"enter":[null],"exit":[null]},"ClassPrivateMethod":{"enter":[null],"exit":[null]},"FunctionDeclaration":{"exit":[null]},"FunctionExpression":{"exit":[null]},"ArrowFunctionExpression":{"exit":[null]}},"options":{}}],"presets":[],"generatorOpts":{"filename":"/home/leeaus/FinalExam/FinalAssign/client/packages/ejson/utils.js","comments":true,"compact":false,"sourceMaps":true,"sourceFileName":"packages/ejson/utils.js"}},"code":"var _slicedToArray;\n\nmodule.link(\"@babel/runtime/helpers/slicedToArray\", {\n  default: function (v) {\n    _slicedToArray = v;\n  }\n}, 0);\n\nvar _typeof;\n\nmodule.link(\"@babel/runtime/helpers/typeof\", {\n  default: function (v) {\n    _typeof = v;\n  }\n}, 1);\nmodule.export({\n  isFunction: function () {\n    return isFunction;\n  },\n  isObject: function () {\n    return isObject;\n  },\n  keysOf: function () {\n    return keysOf;\n  },\n  lengthOf: function () {\n    return lengthOf;\n  },\n  hasOwn: function () {\n    return hasOwn;\n  },\n  convertMapToObject: function () {\n    return convertMapToObject;\n  },\n  isArguments: function () {\n    return isArguments;\n  },\n  isInfOrNaN: function () {\n    return isInfOrNaN;\n  },\n  checkError: function () {\n    return checkError;\n  },\n  handleError: function () {\n    return handleError;\n  }\n});\n\nvar isFunction = function (fn) {\n  return typeof fn === 'function';\n};\n\nvar isObject = function (fn) {\n  return _typeof(fn) === 'object';\n};\n\nvar keysOf = function (obj) {\n  return Object.keys(obj);\n};\n\nvar lengthOf = function (obj) {\n  return Object.keys(obj).length;\n};\n\nvar hasOwn = function (obj, prop) {\n  return Object.prototype.hasOwnProperty.call(obj, prop);\n};\n\nvar convertMapToObject = function (map) {\n  return Array.from(map).reduce(function (acc, _ref) {\n    var _ref2 = _slicedToArray(_ref, 2),\n        key = _ref2[0],\n        value = _ref2[1];\n\n    // reassign to not create new object\n    acc[key] = value;\n    return acc;\n  }, {});\n};\n\nvar isArguments = function (obj) {\n  return obj != null && hasOwn(obj, 'callee');\n};\n\nvar isInfOrNaN = function (obj) {\n  return Number.isNaN(obj) || obj === Infinity || obj === -Infinity;\n};\n\nvar checkError = {\n  maxStack: function (msgError) {\n    return new RegExp('Maximum call stack size exceeded', 'g').test(msgError);\n  }\n};\n\nvar handleError = function (fn) {\n  return function () {\n    try {\n      return fn.apply(this, arguments);\n    } catch (error) {\n      var isMaxStack = checkError.maxStack(error.message);\n\n      if (isMaxStack) {\n        throw new Error('Converting circular structure to JSON');\n      }\n\n      throw error;\n    }\n  };\n};","map":{"version":3,"sources":["packages/ejson/utils.js"],"names":["_slicedToArray","module","link","default","v","_typeof","export","isFunction","isObject","keysOf","lengthOf","hasOwn","convertMapToObject","isArguments","isInfOrNaN","checkError","handleError","fn","obj","Object","keys","length","prop","prototype","hasOwnProperty","call","map","Array","from","reduce","acc","key","value","Number","isNaN","Infinity","maxStack","msgError","RegExp","test","apply","arguments","error","isMaxStack","message","Error"],"mappings":"AAAA,IAAIA,cAAJ;;AAAmBC,MAAM,CAACC,IAAP,CAAY,sCAAZ,EAAmD;AAACC,EAAAA,OAAO,EAAC,UAASC,CAAT,EAAW;AAACJ,IAAAA,cAAc,GAACI,CAAf;AAAiB;AAAtC,CAAnD,EAA2F,CAA3F;;AAA8F,IAAIC,OAAJ;;AAAYJ,MAAM,CAACC,IAAP,CAAY,+BAAZ,EAA4C;AAACC,EAAAA,OAAO,EAAC,UAASC,CAAT,EAAW;AAACC,IAAAA,OAAO,GAACD,CAAR;AAAU;AAA/B,CAA5C,EAA6E,CAA7E;AAA7HH,MAAM,CAACK,MAAP,CAAc;AAACC,EAAAA,UAAU,EAAC,YAAU;AAAC,WAAOA,UAAP;AAAkB,GAAzC;AAA0CC,EAAAA,QAAQ,EAAC,YAAU;AAAC,WAAOA,QAAP;AAAgB,GAA9E;AAA+EC,EAAAA,MAAM,EAAC,YAAU;AAAC,WAAOA,MAAP;AAAc,GAA/G;AAAgHC,EAAAA,QAAQ,EAAC,YAAU;AAAC,WAAOA,QAAP;AAAgB,GAApJ;AAAqJC,EAAAA,MAAM,EAAC,YAAU;AAAC,WAAOA,MAAP;AAAc,GAArL;AAAsLC,EAAAA,kBAAkB,EAAC,YAAU;AAAC,WAAOA,kBAAP;AAA0B,GAA9O;AAA+OC,EAAAA,WAAW,EAAC,YAAU;AAAC,WAAOA,WAAP;AAAmB,GAAzR;AAA0RC,EAAAA,UAAU,EAAC,YAAU;AAAC,WAAOA,UAAP;AAAkB,GAAlU;AAAmUC,EAAAA,UAAU,EAAC,YAAU;AAAC,WAAOA,UAAP;AAAkB,GAA3W;AAA4WC,EAAAA,WAAW,EAAC,YAAU;AAAC,WAAOA,WAAP;AAAmB;AAAtZ,CAAd;;AAAO,IAAMT,UAAU,GAAG,UAACU,EAAD;AAAA,SAAQ,OAAOA,EAAP,KAAc,UAAtB;AAAA,CAAnB;;AAEA,IAAMT,QAAQ,GAAG,UAACS,EAAD;AAAA,SAAQ,QAAOA,EAAP,MAAc,QAAtB;AAAA,CAAjB;;AAEA,IAAMR,MAAM,GAAG,UAACS,GAAD;AAAA,SAASC,MAAM,CAACC,IAAP,CAAYF,GAAZ,CAAT;AAAA,CAAf;;AAEA,IAAMR,QAAQ,GAAG,UAACQ,GAAD;AAAA,SAASC,MAAM,CAACC,IAAP,CAAYF,GAAZ,EAAiBG,MAA1B;AAAA,CAAjB;;AAEA,IAAMV,MAAM,GAAG,UAACO,GAAD,EAAMI,IAAN;AAAA,SAAeH,MAAM,CAACI,SAAP,CAAiBC,cAAjB,CAAgCC,IAAhC,CAAqCP,GAArC,EAA0CI,IAA1C,CAAf;AAAA,CAAf;;AAEA,IAAMV,kBAAkB,GAAG,UAACc,GAAD;AAAA,SAASC,KAAK,CAACC,IAAN,CAAWF,GAAX,EAAgBG,MAAhB,CAAuB,UAACC,GAAD,QAAuB;AAAA;AAAA,QAAhBC,GAAgB;AAAA,QAAXC,KAAW;;AACvF;AACAF,IAAAA,GAAG,CAACC,GAAD,CAAH,GAAWC,KAAX;AACA,WAAOF,GAAP;AACD,GAJ0C,EAIxC,EAJwC,CAAT;AAAA,CAA3B;;AAMA,IAAMjB,WAAW,GAAG,UAAAK,GAAG;AAAA,SAAIA,GAAG,IAAI,IAAP,IAAeP,MAAM,CAACO,GAAD,EAAM,QAAN,CAAzB;AAAA,CAAvB;;AAEA,IAAMJ,UAAU,GACrB,UAAAI,GAAG;AAAA,SAAIe,MAAM,CAACC,KAAP,CAAahB,GAAb,KAAqBA,GAAG,KAAKiB,QAA7B,IAAyCjB,GAAG,KAAK,CAACiB,QAAtD;AAAA,CADE;;AAGA,IAAMpB,UAAU,GAAG;AACxBqB,EAAAA,QAAQ,EAAE,UAACC,QAAD;AAAA,WAAc,IAAIC,MAAJ,CAAW,kCAAX,EAA+C,GAA/C,EAAoDC,IAApD,CAAyDF,QAAzD,CAAd;AAAA;AADc,CAAnB;;AAIA,IAAMrB,WAAW,GAAG,UAACC,EAAD;AAAA,SAAQ,YAAW;AAC5C,QAAI;AACF,aAAOA,EAAE,CAACuB,KAAH,CAAS,IAAT,EAAeC,SAAf,CAAP;AACD,KAFD,CAEE,OAAOC,KAAP,EAAc;AACd,UAAMC,UAAU,GAAG5B,UAAU,CAACqB,QAAX,CAAoBM,KAAK,CAACE,OAA1B,CAAnB;;AACA,UAAID,UAAJ,EAAgB;AACd,cAAM,IAAIE,KAAJ,CAAU,uCAAV,CAAN;AACD;;AACD,YAAMH,KAAN;AACD;AACF,GAV0B;AAAA,CAApB","sourcesContent":["export const isFunction = (fn) => typeof fn === 'function';\n\nexport const isObject = (fn) => typeof fn === 'object';\n\nexport const keysOf = (obj) => Object.keys(obj);\n\nexport const lengthOf = (obj) => Object.keys(obj).length;\n\nexport const hasOwn = (obj, prop) => Object.prototype.hasOwnProperty.call(obj, prop);\n\nexport const convertMapToObject = (map) => Array.from(map).reduce((acc, [key, value]) => {\n  // reassign to not create new object\n  acc[key] = value;\n  return acc;\n}, {});\n\nexport const isArguments = obj => obj != null && hasOwn(obj, 'callee');\n\nexport const isInfOrNaN =\n  obj => Number.isNaN(obj) || obj === Infinity || obj === -Infinity;\n\nexport const checkError = {\n  maxStack: (msgError) => new RegExp('Maximum call stack size exceeded', 'g').test(msgError),\n};\n\nexport const handleError = (fn) => function() {\n  try {\n    return fn.apply(this, arguments);\n  } catch (error) {\n    const isMaxStack = checkError.maxStack(error.message);\n    if (isMaxStack) {\n      throw new Error('Converting circular structure to JSON')\n    }\n    throw error;\n  }\n};\n"]},"sourceType":"module","hash":"9502b200823754277b854d12b1c79125f2bc40fb"}
