{"metadata":{},"options":{"compact":false,"sourceMaps":true,"ast":true,"babelrc":false,"configFile":false,"parserOpts":{"sourceType":"module","sourceFileName":"/home/leeaus/FinalExam/FinalAssign/client/packages/blaze/preamble.js","plugins":["*","flow","jsx","asyncGenerators","bigInt","classPrivateMethods","classPrivateProperties","classProperties","doExpressions","dynamicImport","exportDefaultFrom","exportExtensions","exportNamespaceFrom","functionBind","functionSent","importMeta","nullishCoalescingOperator","numericSeparator","objectRestSpread","optionalCatchBinding","optionalChaining",["pipelineOperator",{"proposal":"minimal"}],"throwExpressions","classProperties","classPrivateProperties","jsx","nullishCoalescingOperator","nullishCoalescingOperator","optionalChaining","optionalChaining","optionalCatchBinding","optionalCatchBinding","classProperties","classPrivateProperties","classPrivateMethods","classProperties","classPrivateProperties","asyncGenerators","asyncGenerators","objectRestSpread","objectRestSpread"],"allowImportExportEverywhere":true,"allowReturnOutsideFunction":true,"allowUndeclaredExports":true,"strictMode":false},"caller":{"name":"meteor","arch":"web.browser.legacy"},"sourceFileName":"packages/blaze/preamble.js","filename":"/home/leeaus/FinalExam/FinalAssign/client/packages/blaze/preamble.js","passPerPreset":false,"envName":"development","cwd":"/home/leeaus/FinalExam/FinalAssign/client","root":"/home/leeaus/FinalExam/FinalAssign/client","plugins":[{"key":"base$0","visitor":{"_exploded":true,"_verified":true},"options":{}},{"key":"base$0$0","visitor":{"Program":{"enter":[null],"exit":[null]},"_exploded":true,"_verified":true},"options":{"avoidModernSyntax":true,"enforceStrictMode":false,"dynamicImport":true}},{"key":"transform-runtime","visitor":{"CallExpression":{"enter":[null]},"BinaryExpression":{"enter":[null]},"MemberExpression":{"enter":[null],"exit":[null]},"_exploded":true,"_verified":true,"Identifier":{"enter":[null]},"JSXIdentifier":{"enter":[null]}},"options":{"version":"7.9.2","helpers":true,"useESModules":false,"corejs":false}},{"key":"proposal-class-properties","visitor":{"PrivateName":{"enter":[null]},"ExportDefaultDeclaration":{"enter":[null]},"_exploded":true,"_verified":true,"ClassExpression":{"enter":[null]},"ClassDeclaration":{"enter":[null]}},"options":{"loose":true}},{"key":"base$0$3","visitor":{"FunctionExpression":{"exit":[null]},"_exploded":true,"_verified":true},"options":{}},{"key":"base$0$4","visitor":{"ForInStatement":{"enter":[null]},"_exploded":true,"_verified":true},"options":{}},{"key":"transform-react-jsx","visitor":{"_exploded":{},"_verified":{},"JSXNamespacedName":{"enter":[null]},"JSXSpreadChild":{"enter":[null]},"JSXElement":{"exit":[null]},"JSXFragment":{"exit":[null]},"Program":{"enter":[null],"exit":[null]},"JSXAttribute":{"enter":[null]}},"options":{"pragma":"React.createElement","pragmaFrag":"React.Fragment","runtime":"classic","throwIfNamespace":true,"useBuiltIns":false}},{"key":"transform-react-display-name","visitor":{"ExportDefaultDeclaration":{"enter":[null]},"CallExpression":{"enter":[null]},"_exploded":true,"_verified":true},"options":{}},{"key":"syntax-nullish-coalescing-operator","visitor":{"_exploded":true,"_verified":true},"options":{}},{"key":"proposal-nullish-coalescing-operator","visitor":{"_exploded":{},"_verified":{},"LogicalExpression":{"enter":[null]}},"options":{}},{"key":"syntax-optional-chaining","visitor":{"_exploded":true,"_verified":true},"options":{}},{"key":"proposal-optional-chaining","visitor":{"_exploded":{},"_verified":{},"OptionalCallExpression":{"enter":[null]},"OptionalMemberExpression":{"enter":[null]}},"options":{}},{"key":"syntax-optional-catch-binding","visitor":{"_exploded":true,"_verified":true},"options":{}},{"key":"proposal-optional-catch-binding","visitor":{"_exploded":{},"_verified":{},"CatchClause":{"enter":[null]}},"options":{}},{"key":"syntax-class-properties","visitor":{"_exploded":true,"_verified":true},"options":{}},{"key":"proposal-class-properties","visitor":{"PrivateName":{"enter":[null]},"ExportDefaultDeclaration":{"enter":[null]},"_exploded":true,"_verified":true,"ClassExpression":{"enter":[null]},"ClassDeclaration":{"enter":[null]}},"options":{}},{"key":"syntax-async-generators","visitor":{"_exploded":true,"_verified":true},"options":{}},{"key":"proposal-async-generator-functions","visitor":{"_exploded":{},"_verified":{},"Program":{"enter":[null]}},"options":{}},{"key":"syntax-object-rest-spread","visitor":{"_exploded":true,"_verified":true},"options":{}},{"key":"proposal-object-rest-spread","visitor":{"_exploded":{},"_verified":{},"VariableDeclarator":{"enter":[null]},"ExportNamedDeclaration":{"enter":[null]},"CatchClause":{"enter":[null]},"AssignmentExpression":{"enter":[null]},"ArrayPattern":{"enter":[null]},"ObjectExpression":{"enter":[null]},"FunctionDeclaration":{"enter":[null]},"FunctionExpression":{"enter":[null]},"ObjectMethod":{"enter":[null]},"ArrowFunctionExpression":{"enter":[null]},"ClassMethod":{"enter":[null]},"ClassPrivateMethod":{"enter":[null]},"ForInStatement":{"enter":[null]},"ForOfStatement":{"enter":[null]}},"options":{}},{"key":"transform-arrow-functions","visitor":{"ArrowFunctionExpression":{"enter":[null]},"_exploded":true,"_verified":true},"options":{}},{"key":"transform-block-scoped-functions","visitor":{"BlockStatement":{"enter":[null]},"SwitchCase":{"enter":[null]},"_exploded":true,"_verified":true},"options":{}},{"key":"transform-block-scoping","visitor":{"VariableDeclaration":{"enter":[null]},"CatchClause":{"enter":[null]},"_exploded":true,"BlockStatement":{"enter":[null]},"SwitchStatement":{"enter":[null]},"Program":{"enter":[null]},"_verified":true,"DoWhileStatement":{"enter":[null]},"ForInStatement":{"enter":[null]},"ForStatement":{"enter":[null]},"WhileStatement":{"enter":[null]},"ForOfStatement":{"enter":[null]}},"options":{}},{"key":"transform-classes","visitor":{"ExportDefaultDeclaration":{"enter":[null]},"ClassDeclaration":{"enter":[null]},"ClassExpression":{"enter":[null]},"_exploded":true,"_verified":true},"options":{"loose":true}},{"key":"transform-computed-properties","visitor":{"ObjectExpression":{"exit":[null]},"_exploded":true,"_verified":true},"options":{"loose":true}},{"key":"transform-destructuring","visitor":{"ExportNamedDeclaration":{"enter":[null]},"CatchClause":{"enter":[null]},"AssignmentExpression":{"enter":[null]},"VariableDeclaration":{"enter":[null]},"_exploded":true,"_verified":true,"ForInStatement":{"enter":[null]},"ForOfStatement":{"enter":[null]}},"options":{}},{"key":"transform-for-of","visitor":{"ForOfStatement":{"enter":[null]},"_exploded":true,"_verified":true},"options":{"loose":true}},{"key":"transform-literals","visitor":{"NumericLiteral":{"enter":[null]},"StringLiteral":{"enter":[null]},"_exploded":true,"_verified":true},"options":{}},{"key":"transform-object-super","visitor":{"ObjectExpression":{"enter":[null]},"_exploded":true,"_verified":true},"options":{}},{"key":"transform-parameters","visitor":{"_exploded":true,"_verified":true,"FunctionDeclaration":{"enter":[null]},"FunctionExpression":{"enter":[null]},"ObjectMethod":{"enter":[null]},"ArrowFunctionExpression":{"enter":[null]},"ClassMethod":{"enter":[null]},"ClassPrivateMethod":{"enter":[null]}},"options":{}},{"key":"transform-shorthand-properties","visitor":{"ObjectMethod":{"enter":[null]},"ObjectProperty":{"enter":[null]},"_exploded":true,"_verified":true},"options":{}},{"key":"transform-spread","visitor":{"ArrayExpression":{"enter":[null]},"CallExpression":{"enter":[null]},"NewExpression":{"enter":[null]},"_exploded":true,"_verified":true},"options":{}},{"key":"transform-sticky-regex","visitor":{"RegExpLiteral":{"enter":[null]},"_exploded":true,"_verified":true},"options":{}},{"key":"transform-template-literals","visitor":{"TaggedTemplateExpression":{"enter":[null]},"TemplateLiteral":{"enter":[null]},"_exploded":true,"_verified":true},"options":{"loose":true}},{"key":"transform-typeof-symbol","visitor":{"UnaryExpression":{"enter":[null]},"_exploded":true,"_verified":true,"BlockStatement":{"enter":[null]},"CatchClause":{"enter":[null]},"DoWhileStatement":{"enter":[null]},"ForInStatement":{"enter":[null]},"ForStatement":{"enter":[null]},"FunctionDeclaration":{"enter":[null]},"FunctionExpression":{"enter":[null]},"Program":{"enter":[null]},"ObjectMethod":{"enter":[null]},"SwitchStatement":{"enter":[null]},"WhileStatement":{"enter":[null]},"ArrowFunctionExpression":{"enter":[null]},"ClassExpression":{"enter":[null]},"ClassDeclaration":{"enter":[null]},"ForOfStatement":{"enter":[null]},"ClassMethod":{"enter":[null]},"ClassPrivateMethod":{"enter":[null]},"TSModuleBlock":{"enter":[null]},"AssignmentPattern":{"enter":[null]},"ArrayPattern":{"enter":[null]},"ObjectPattern":{"enter":[null]}},"options":{}},{"key":"transform-unicode-regex","visitor":{"RegExpLiteral":{"enter":[null]},"_exploded":true,"_verified":true},"options":{}},{"key":"transform-property-literals","visitor":{"ObjectProperty":{"exit":[null]},"_exploded":true,"_verified":true},"options":{}},{"key":"transform-exponentiation-operator","visitor":{"AssignmentExpression":{"enter":[null]},"BinaryExpression":{"enter":[null]},"_exploded":true,"_verified":true},"options":{}},{"key":"regenerator-transform","visitor":{"_exploded":true,"_verified":true,"ObjectMethod":{"enter":[null],"exit":[null]},"ClassMethod":{"enter":[null],"exit":[null]},"ClassPrivateMethod":{"enter":[null],"exit":[null]},"FunctionDeclaration":{"exit":[null]},"FunctionExpression":{"exit":[null]},"ArrowFunctionExpression":{"exit":[null]}},"options":{}}],"presets":[],"generatorOpts":{"filename":"/home/leeaus/FinalExam/FinalAssign/client/packages/blaze/preamble.js","comments":true,"compact":false,"sourceMaps":true,"sourceFileName":"packages/blaze/preamble.js"}},"code":"/**\n * @namespace Blaze\n * @summary The namespace for all Blaze-related methods and classes.\n */\nBlaze = {}; // Utility to HTML-escape a string.  Included for legacy reasons.\n// TODO: Should be replaced with _.escape once underscore is upgraded to a newer\n//       version which escapes ` (backtick) as well. Underscore 1.5.2 does not.\n\nBlaze._escape = function () {\n  var escape_map = {\n    \"<\": \"&lt;\",\n    \">\": \"&gt;\",\n    '\"': \"&quot;\",\n    \"'\": \"&#x27;\",\n    \"/\": \"&#x2F;\",\n    \"`\": \"&#x60;\",\n\n    /* IE allows backtick-delimited attributes?? */\n    \"&\": \"&amp;\"\n  };\n\n  var escape_one = function (c) {\n    return escape_map[c];\n  };\n\n  return function (x) {\n    return x.replace(/[&<>\"'`]/g, escape_one);\n  };\n}();\n\nBlaze._warn = function (msg) {\n  msg = 'Warning: ' + msg;\n\n  if (typeof console !== 'undefined' && console.warn) {\n    console.warn(msg);\n  }\n};\n\nvar nativeBind = Function.prototype.bind; // An implementation of _.bind which allows better optimization.\n// See: https://github.com/petkaantonov/bluebird/wiki/Optimization-killers#3-managing-arguments\n\nif (nativeBind) {\n  Blaze._bind = function (func, obj) {\n    if (arguments.length === 2) {\n      return nativeBind.call(func, obj);\n    } // Copy the arguments so this function can be optimized.\n\n\n    var args = new Array(arguments.length);\n\n    for (var i = 0; i < args.length; i++) {\n      args[i] = arguments[i];\n    }\n\n    return nativeBind.apply(func, args.slice(1));\n  };\n} else {\n  // A slower but backwards compatible version.\n  Blaze._bind = _.bind;\n}","map":{"version":3,"sources":["packages/blaze/preamble.js"],"names":["Blaze","_escape","escape_map","escape_one","c","x","replace","_warn","msg","console","warn","nativeBind","Function","prototype","bind","_bind","func","obj","arguments","length","call","args","Array","i","apply","slice","_"],"mappings":"AAAA;;;;AAIAA,KAAK,GAAG,EAAR,C,CAEA;AACA;AACA;;AACAA,KAAK,CAACC,OAAN,GAAiB,YAAW;AAC1B,MAAIC,UAAU,GAAG;AACf,SAAK,MADU;AAEf,SAAK,MAFU;AAGf,SAAK,QAHU;AAIf,SAAK,QAJU;AAKf,SAAK,QALU;AAMf,SAAK,QANU;;AAMA;AACf,SAAK;AAPU,GAAjB;;AASA,MAAIC,UAAU,GAAG,UAASC,CAAT,EAAY;AAC3B,WAAOF,UAAU,CAACE,CAAD,CAAjB;AACD,GAFD;;AAIA,SAAO,UAAUC,CAAV,EAAa;AAClB,WAAOA,CAAC,CAACC,OAAF,CAAU,WAAV,EAAuBH,UAAvB,CAAP;AACD,GAFD;AAGD,CAjBe,EAAhB;;AAmBAH,KAAK,CAACO,KAAN,GAAc,UAAUC,GAAV,EAAe;AAC3BA,EAAAA,GAAG,GAAG,cAAcA,GAApB;;AAEA,MAAK,OAAOC,OAAP,KAAmB,WAApB,IAAoCA,OAAO,CAACC,IAAhD,EAAsD;AACpDD,IAAAA,OAAO,CAACC,IAAR,CAAaF,GAAb;AACD;AACF,CAND;;AAQA,IAAIG,UAAU,GAAGC,QAAQ,CAACC,SAAT,CAAmBC,IAApC,C,CAEA;AACA;;AACA,IAAIH,UAAJ,EAAgB;AACdX,EAAAA,KAAK,CAACe,KAAN,GAAc,UAAUC,IAAV,EAAgBC,GAAhB,EAAqB;AACjC,QAAIC,SAAS,CAACC,MAAV,KAAqB,CAAzB,EAA4B;AAC1B,aAAOR,UAAU,CAACS,IAAX,CAAgBJ,IAAhB,EAAsBC,GAAtB,CAAP;AACD,KAHgC,CAKjC;;;AACA,QAAII,IAAI,GAAG,IAAIC,KAAJ,CAAUJ,SAAS,CAACC,MAApB,CAAX;;AACA,SAAK,IAAII,CAAC,GAAG,CAAb,EAAgBA,CAAC,GAAGF,IAAI,CAACF,MAAzB,EAAiCI,CAAC,EAAlC,EAAsC;AACpCF,MAAAA,IAAI,CAACE,CAAD,CAAJ,GAAUL,SAAS,CAACK,CAAD,CAAnB;AACD;;AAED,WAAOZ,UAAU,CAACa,KAAX,CAAiBR,IAAjB,EAAuBK,IAAI,CAACI,KAAL,CAAW,CAAX,CAAvB,CAAP;AACD,GAZD;AAaD,CAdD,MAeK;AACH;AACAzB,EAAAA,KAAK,CAACe,KAAN,GAAcW,CAAC,CAACZ,IAAhB;AACD","sourcesContent":["/**\n * @namespace Blaze\n * @summary The namespace for all Blaze-related methods and classes.\n */\nBlaze = {};\n\n// Utility to HTML-escape a string.  Included for legacy reasons.\n// TODO: Should be replaced with _.escape once underscore is upgraded to a newer\n//       version which escapes ` (backtick) as well. Underscore 1.5.2 does not.\nBlaze._escape = (function() {\n  var escape_map = {\n    \"<\": \"&lt;\",\n    \">\": \"&gt;\",\n    '\"': \"&quot;\",\n    \"'\": \"&#x27;\",\n    \"/\": \"&#x2F;\",\n    \"`\": \"&#x60;\", /* IE allows backtick-delimited attributes?? */\n    \"&\": \"&amp;\"\n  };\n  var escape_one = function(c) {\n    return escape_map[c];\n  };\n\n  return function (x) {\n    return x.replace(/[&<>\"'`]/g, escape_one);\n  };\n})();\n\nBlaze._warn = function (msg) {\n  msg = 'Warning: ' + msg;\n\n  if ((typeof console !== 'undefined') && console.warn) {\n    console.warn(msg);\n  }\n};\n\nvar nativeBind = Function.prototype.bind;\n\n// An implementation of _.bind which allows better optimization.\n// See: https://github.com/petkaantonov/bluebird/wiki/Optimization-killers#3-managing-arguments\nif (nativeBind) {\n  Blaze._bind = function (func, obj) {\n    if (arguments.length === 2) {\n      return nativeBind.call(func, obj);\n    }\n\n    // Copy the arguments so this function can be optimized.\n    var args = new Array(arguments.length);\n    for (var i = 0; i < args.length; i++) {\n      args[i] = arguments[i];\n    }\n\n    return nativeBind.apply(func, args.slice(1));\n  };\n}\nelse {\n  // A slower but backwards compatible version.\n  Blaze._bind = _.bind;\n}\n"]},"sourceType":"module","hash":"a6f0d04f2a609a429537ddf7cff23b5edf6b3e10"}
