{"lastInput":{"dependencies":["meteor-base","mobile-experience","mongo","blaze-html-templates","jquery","reactive-var","tracker","standard-minifier-css","standard-minifier-js","es5-shim","ecmascript","typescript","shell-server","autopublish","insecure"],"constraints":["meteor-base@1.4.0","mobile-experience@1.1.0","mongo@1.10.0","blaze-html-templates","jquery","reactive-var@1.0.11","tracker@1.2.0","standard-minifier-css@1.6.0","standard-minifier-js@2.6.0","es5-shim@4.8.0","ecmascript@0.14.3","typescript@3.7.6","shell-server@0.5.0","autopublish@1.0.7","insecure@1.0.7","accounts-base@~1.6.0","accounts-facebook@~1.3.2","accounts-github@~1.4.3","accounts-google@~1.3.3","accounts-meetup@~1.4.2","accounts-meteor-developer@~1.4.2","accounts-oauth@~1.2.0","accounts-password@~1.6.0","accounts-twitter@~1.4.2","accounts-ui-unstyled@~1.4.2","accounts-ui@~1.3.1","accounts-weibo@~1.3.2","allow-deny@~1.1.0","appcache@~1.2.7","audit-argument-checks@~1.0.7","autopublish@~1.0.7","autoupdate@~1.6.0","babel-compiler@~7.5.3","babel-runtime@~1.5.0","base64@~1.0.12","binary-heap@~1.0.11","boilerplate-generator-tests@~1.5.0","boilerplate-generator@~1.7.0","browser-policy-common@~1.0.11","browser-policy-content@~1.1.0","browser-policy-framing@~1.1.0","browser-policy@~1.1.0","caching-compiler@~1.2.2","callback-hook@~1.3.0","check@~1.3.1","constraint-solver@~1.2.0","context@~0.5.0","crosswalk@~1.7.1","ddp-client@~2.3.3","ddp-common@~1.4.0","ddp-rate-limiter@~1.0.7","ddp-server@~2.3.1","ddp@~1.4.0","deps@~1.0.12","diff-sequence@~1.1.1","disable-oplog@~1.0.7","dynamic-import@~0.5.2","ecmascript-runtime-client@~0.10.0","ecmascript-runtime-server@~0.9.0","ecmascript-runtime@~0.7.0","ecmascript@~0.14.3","ejson@~1.1.1","email@~1.2.3","es5-shim@~4.8.0","facebook-config-ui@~1.0.2","facebook-oauth@~1.7.0","facts-base@~1.0.1","facts-ui@~1.0.0","fetch@~0.1.1","force-ssl-common@~1.1.0","force-ssl@~1.1.0","geojson-utils@~1.0.10","github-config-ui@~1.0.1","github-oauth@~1.2.3","google-config-ui@~1.0.1","google-oauth@~1.3.0","hot-code-push@~1.0.4","http@~1.4.2","id-map@~1.1.0","insecure@~1.0.7","inter-process-messaging@~0.1.1","jshint@~1.1.7","launch-screen@~1.2.0","livedata@~1.0.18","localstorage@~1.2.0","logging@~1.1.20","logic-solver@~2.0.7","meetup-config-ui@~1.0.1","meetup-oauth@~1.0.4","meteor-base@~1.4.0","meteor-developer-config-ui@~1.0.1","meteor-developer-oauth@~1.2.1","meteor@~1.9.3","minifier-css@~1.5.0","minifier-js@~2.6.0","minimongo@~1.6.0","mobile-experience@~1.1.0","mobile-status-bar@~1.1.0","modern-browsers@~0.1.5","modules-runtime@~0.12.0","modules@~0.15.0","mongo-dev-server@~1.1.0","mongo-id@~1.0.7","mongo-livedata@~1.0.12","mongo@~1.10.0","npm-bcrypt@~0.9.3","npm-mongo@~3.7.0","oauth-encryption@~1.3.1","oauth@~1.3.0","oauth1@~1.3.0","oauth2@~1.3.0","observe-sequence@~1.0.16","ordered-dict@~1.1.0","package-stats-opt-out@~1.0.7","package-version-parser@~3.2.0","promise@~0.11.2","random@~1.2.0","rate-limit@~1.0.9","reactive-dict@~1.3.0","reactive-var@~1.0.11","reload-safetybelt@~1.0.12","reload@~1.3.0","retry@~1.1.0","routepolicy@~1.1.0","server-render@~0.3.1","service-configuration@~1.0.11","session@~1.2.0","sha@~1.0.9","shell-server@~0.5.0","socket-stream-client@~0.3.0","srp@~1.1.0","standard-minifier-css@~1.6.0","standard-minifier-js@~2.6.0","standard-minifiers@~1.1.0","test-helpers@~1.2.0","test-in-browser@~1.3.0","test-in-console@~1.2.2","test-server-tests-in-console-once@~1.0.11","tinytest-harness@~0.0.4","tinytest@~1.1.0","tracker@~1.2.0","twitter-config-ui@~1.0.0","twitter-oauth@~1.2.0","typescript@~3.7.6","underscore-tests@~1.0.8","underscore@~1.0.10","url@~1.3.0","webapp-hashing@~1.0.9","webapp@~1.9.1","weibo-config-ui@~1.0.1","weibo-oauth@~1.2.1"],"previousSolution":{"allow-deny":"1.1.0","autopublish":"1.0.7","autoupdate":"1.6.0","babel-compiler":"7.5.3","babel-runtime":"1.5.0","base64":"1.0.12","binary-heap":"1.0.11","blaze":"2.3.4","blaze-html-templates":"1.1.2","blaze-tools":"1.0.10","boilerplate-generator":"1.7.0","caching-compiler":"1.2.2","caching-html-compiler":"1.1.3","callback-hook":"1.3.0","check":"1.3.1","ddp":"1.4.0","ddp-client":"2.3.3","ddp-common":"1.4.0","ddp-server":"2.3.1","deps":"1.0.12","diff-sequence":"1.1.1","dynamic-import":"0.5.2","ecmascript":"0.14.3","ecmascript-runtime":"0.7.0","ecmascript-runtime-client":"0.10.0","ecmascript-runtime-server":"0.9.0","ejson":"1.1.1","es5-shim":"4.8.0","fetch":"0.1.1","geojson-utils":"1.0.10","hot-code-push":"1.0.4","html-tools":"1.0.11","htmljs":"1.0.11","id-map":"1.1.0","insecure":"1.0.7","inter-process-messaging":"0.1.1","jquery":"3.0.0","launch-screen":"1.2.0","livedata":"1.0.18","logging":"1.1.20","meteor":"1.9.3","meteor-base":"1.4.0","minifier-css":"1.5.0","minifier-js":"2.6.0","minimongo":"1.6.0","mobile-experience":"1.1.0","mobile-status-bar":"1.1.0","modern-browsers":"0.1.5","modules":"0.15.0","modules-runtime":"0.12.0","mongo":"1.10.0","mongo-decimal":"0.1.1","mongo-dev-server":"1.1.0","mongo-id":"1.0.7","npm-mongo":"3.7.0","observe-sequence":"1.0.16","ordered-dict":"1.1.0","promise":"0.11.2","random":"1.2.0","reactive-var":"1.0.11","reload":"1.3.0","retry":"1.1.0","routepolicy":"1.1.0","shell-server":"0.5.0","socket-stream-client":"0.3.0","spacebars":"1.0.15","spacebars-compiler":"1.1.3","standard-minifier-css":"1.6.0","standard-minifier-js":"2.6.0","templating":"1.3.2","templating-compiler":"1.3.3","templating-runtime":"1.3.2","templating-tools":"1.1.2","tracker":"1.2.0","typescript":"3.7.6","ui":"1.0.13","underscore":"1.0.10","webapp":"1.9.1","webapp-hashing":"1.0.9"}},"lastOutput":{"neededToUseUnanticipatedPrereleases":false,"answer":{"allow-deny":"1.1.0","autopublish":"1.0.7","autoupdate":"1.6.0","babel-compiler":"7.5.3","babel-runtime":"1.5.0","base64":"1.0.12","binary-heap":"1.0.11","blaze":"2.3.4","blaze-html-templates":"1.1.2","blaze-tools":"1.0.10","boilerplate-generator":"1.7.0","caching-compiler":"1.2.2","caching-html-compiler":"1.1.3","callback-hook":"1.3.0","check":"1.3.1","ddp":"1.4.0","ddp-client":"2.3.3","ddp-common":"1.4.0","ddp-server":"2.3.1","deps":"1.0.12","diff-sequence":"1.1.1","dynamic-import":"0.5.2","ecmascript":"0.14.3","ecmascript-runtime":"0.7.0","ecmascript-runtime-client":"0.10.0","ecmascript-runtime-server":"0.9.0","ejson":"1.1.1","es5-shim":"4.8.0","fetch":"0.1.1","geojson-utils":"1.0.10","hot-code-push":"1.0.4","html-tools":"1.0.11","htmljs":"1.0.11","id-map":"1.1.0","insecure":"1.0.7","inter-process-messaging":"0.1.1","isobuild:compiler-plugin":"1.0.0","isobuild:dynamic-import":"1.5.0","isobuild:isopack-2":"1.0.0","isobuild:minifier-plugin":"1.0.0","jquery":"3.0.0","launch-screen":"1.2.0","livedata":"1.0.18","logging":"1.1.20","meteor":"1.9.3","meteor-base":"1.4.0","minifier-css":"1.5.0","minifier-js":"2.6.0","minimongo":"1.6.0","mobile-experience":"1.1.0","mobile-status-bar":"1.1.0","modern-browsers":"0.1.5","modules":"0.15.0","modules-runtime":"0.12.0","mongo":"1.10.0","mongo-decimal":"0.1.1","mongo-dev-server":"1.1.0","mongo-id":"1.0.7","npm-mongo":"3.7.0","observe-sequence":"1.0.16","ordered-dict":"1.1.0","promise":"0.11.2","random":"1.2.0","reactive-var":"1.0.11","reload":"1.3.0","retry":"1.1.0","routepolicy":"1.1.0","shell-server":"0.5.0","socket-stream-client":"0.3.0","spacebars":"1.0.15","spacebars-compiler":"1.1.3","standard-minifier-css":"1.6.0","standard-minifier-js":"2.6.0","templating":"1.3.2","templating-compiler":"1.3.3","templating-runtime":"1.3.2","templating-tools":"1.1.2","tracker":"1.2.0","typescript":"3.7.6","ui":"1.0.13","underscore":"1.0.10","webapp":"1.9.1","webapp-hashing":"1.0.9"}}}
