{"metadata":{},"options":{"compact":false,"sourceMaps":true,"ast":true,"babelrc":false,"configFile":false,"parserOpts":{"sourceType":"module","sourceFileName":"/home/leeaus/FinalExam/FinalAssign/client/packages/ejson/stringify.js","plugins":["*","flow","jsx","asyncGenerators","bigInt","classPrivateMethods","classPrivateProperties","classProperties","doExpressions","dynamicImport","exportDefaultFrom","exportExtensions","exportNamespaceFrom","functionBind","functionSent","importMeta","nullishCoalescingOperator","numericSeparator","objectRestSpread","optionalCatchBinding","optionalChaining",["pipelineOperator",{"proposal":"minimal"}],"throwExpressions","classProperties","classPrivateProperties","jsx","nullishCoalescingOperator","nullishCoalescingOperator","optionalChaining","optionalChaining","optionalCatchBinding","optionalCatchBinding","classProperties","classPrivateProperties","classPrivateMethods","classProperties","classPrivateProperties","asyncGenerators","asyncGenerators","objectRestSpread","objectRestSpread"],"allowImportExportEverywhere":true,"allowReturnOutsideFunction":true,"allowUndeclaredExports":true,"strictMode":false},"caller":{"name":"meteor","arch":"web.browser.legacy"},"sourceFileName":"packages/ejson/stringify.js","filename":"/home/leeaus/FinalExam/FinalAssign/client/packages/ejson/stringify.js","passPerPreset":false,"envName":"development","cwd":"/home/leeaus/FinalExam/FinalAssign/client","root":"/home/leeaus/FinalExam/FinalAssign/client","plugins":[{"key":"base$0","visitor":{"_exploded":true,"_verified":true},"options":{}},{"key":"base$0$0","visitor":{"Program":{"enter":[null],"exit":[null]},"_exploded":true,"_verified":true},"options":{"avoidModernSyntax":true,"enforceStrictMode":false,"dynamicImport":true}},{"key":"transform-runtime","visitor":{"CallExpression":{"enter":[null]},"BinaryExpression":{"enter":[null]},"MemberExpression":{"enter":[null],"exit":[null]},"_exploded":true,"_verified":true,"Identifier":{"enter":[null]},"JSXIdentifier":{"enter":[null]}},"options":{"version":"7.9.2","helpers":true,"useESModules":false,"corejs":false}},{"key":"proposal-class-properties","visitor":{"PrivateName":{"enter":[null]},"ExportDefaultDeclaration":{"enter":[null]},"_exploded":true,"_verified":true,"ClassExpression":{"enter":[null]},"ClassDeclaration":{"enter":[null]}},"options":{"loose":true}},{"key":"base$0$3","visitor":{"FunctionExpression":{"exit":[null]},"_exploded":true,"_verified":true},"options":{}},{"key":"base$0$4","visitor":{"ForInStatement":{"enter":[null]},"_exploded":true,"_verified":true},"options":{}},{"key":"transform-react-jsx","visitor":{"_exploded":{},"_verified":{},"JSXNamespacedName":{"enter":[null]},"JSXSpreadChild":{"enter":[null]},"JSXElement":{"exit":[null]},"JSXFragment":{"exit":[null]},"Program":{"enter":[null],"exit":[null]},"JSXAttribute":{"enter":[null]}},"options":{"pragma":"React.createElement","pragmaFrag":"React.Fragment","runtime":"classic","throwIfNamespace":true,"useBuiltIns":false}},{"key":"transform-react-display-name","visitor":{"ExportDefaultDeclaration":{"enter":[null]},"CallExpression":{"enter":[null]},"_exploded":true,"_verified":true},"options":{}},{"key":"syntax-nullish-coalescing-operator","visitor":{"_exploded":true,"_verified":true},"options":{}},{"key":"proposal-nullish-coalescing-operator","visitor":{"_exploded":{},"_verified":{},"LogicalExpression":{"enter":[null]}},"options":{}},{"key":"syntax-optional-chaining","visitor":{"_exploded":true,"_verified":true},"options":{}},{"key":"proposal-optional-chaining","visitor":{"_exploded":{},"_verified":{},"OptionalCallExpression":{"enter":[null]},"OptionalMemberExpression":{"enter":[null]}},"options":{}},{"key":"syntax-optional-catch-binding","visitor":{"_exploded":true,"_verified":true},"options":{}},{"key":"proposal-optional-catch-binding","visitor":{"_exploded":{},"_verified":{},"CatchClause":{"enter":[null]}},"options":{}},{"key":"syntax-class-properties","visitor":{"_exploded":true,"_verified":true},"options":{}},{"key":"proposal-class-properties","visitor":{"PrivateName":{"enter":[null]},"ExportDefaultDeclaration":{"enter":[null]},"_exploded":true,"_verified":true,"ClassExpression":{"enter":[null]},"ClassDeclaration":{"enter":[null]}},"options":{}},{"key":"syntax-async-generators","visitor":{"_exploded":true,"_verified":true},"options":{}},{"key":"proposal-async-generator-functions","visitor":{"_exploded":{},"_verified":{},"Program":{"enter":[null]}},"options":{}},{"key":"syntax-object-rest-spread","visitor":{"_exploded":true,"_verified":true},"options":{}},{"key":"proposal-object-rest-spread","visitor":{"_exploded":{},"_verified":{},"VariableDeclarator":{"enter":[null]},"ExportNamedDeclaration":{"enter":[null]},"CatchClause":{"enter":[null]},"AssignmentExpression":{"enter":[null]},"ArrayPattern":{"enter":[null]},"ObjectExpression":{"enter":[null]},"FunctionDeclaration":{"enter":[null]},"FunctionExpression":{"enter":[null]},"ObjectMethod":{"enter":[null]},"ArrowFunctionExpression":{"enter":[null]},"ClassMethod":{"enter":[null]},"ClassPrivateMethod":{"enter":[null]},"ForInStatement":{"enter":[null]},"ForOfStatement":{"enter":[null]}},"options":{}},{"key":"transform-arrow-functions","visitor":{"ArrowFunctionExpression":{"enter":[null]},"_exploded":true,"_verified":true},"options":{}},{"key":"transform-block-scoped-functions","visitor":{"BlockStatement":{"enter":[null]},"SwitchCase":{"enter":[null]},"_exploded":true,"_verified":true},"options":{}},{"key":"transform-block-scoping","visitor":{"VariableDeclaration":{"enter":[null]},"CatchClause":{"enter":[null]},"_exploded":true,"BlockStatement":{"enter":[null]},"SwitchStatement":{"enter":[null]},"Program":{"enter":[null]},"_verified":true,"DoWhileStatement":{"enter":[null]},"ForInStatement":{"enter":[null]},"ForStatement":{"enter":[null]},"WhileStatement":{"enter":[null]},"ForOfStatement":{"enter":[null]}},"options":{}},{"key":"transform-classes","visitor":{"ExportDefaultDeclaration":{"enter":[null]},"ClassDeclaration":{"enter":[null]},"ClassExpression":{"enter":[null]},"_exploded":true,"_verified":true},"options":{"loose":true}},{"key":"transform-computed-properties","visitor":{"ObjectExpression":{"exit":[null]},"_exploded":true,"_verified":true},"options":{"loose":true}},{"key":"transform-destructuring","visitor":{"ExportNamedDeclaration":{"enter":[null]},"CatchClause":{"enter":[null]},"AssignmentExpression":{"enter":[null]},"VariableDeclaration":{"enter":[null]},"_exploded":true,"_verified":true,"ForInStatement":{"enter":[null]},"ForOfStatement":{"enter":[null]}},"options":{}},{"key":"transform-for-of","visitor":{"ForOfStatement":{"enter":[null]},"_exploded":true,"_verified":true},"options":{"loose":true}},{"key":"transform-literals","visitor":{"NumericLiteral":{"enter":[null]},"StringLiteral":{"enter":[null]},"_exploded":true,"_verified":true},"options":{}},{"key":"transform-object-super","visitor":{"ObjectExpression":{"enter":[null]},"_exploded":true,"_verified":true},"options":{}},{"key":"transform-parameters","visitor":{"_exploded":true,"_verified":true,"FunctionDeclaration":{"enter":[null]},"FunctionExpression":{"enter":[null]},"ObjectMethod":{"enter":[null]},"ArrowFunctionExpression":{"enter":[null]},"ClassMethod":{"enter":[null]},"ClassPrivateMethod":{"enter":[null]}},"options":{}},{"key":"transform-shorthand-properties","visitor":{"ObjectMethod":{"enter":[null]},"ObjectProperty":{"enter":[null]},"_exploded":true,"_verified":true},"options":{}},{"key":"transform-spread","visitor":{"ArrayExpression":{"enter":[null]},"CallExpression":{"enter":[null]},"NewExpression":{"enter":[null]},"_exploded":true,"_verified":true},"options":{}},{"key":"transform-sticky-regex","visitor":{"RegExpLiteral":{"enter":[null]},"_exploded":true,"_verified":true},"options":{}},{"key":"transform-template-literals","visitor":{"TaggedTemplateExpression":{"enter":[null]},"TemplateLiteral":{"enter":[null]},"_exploded":true,"_verified":true},"options":{"loose":true}},{"key":"transform-typeof-symbol","visitor":{"UnaryExpression":{"enter":[null]},"_exploded":true,"_verified":true,"BlockStatement":{"enter":[null]},"CatchClause":{"enter":[null]},"DoWhileStatement":{"enter":[null]},"ForInStatement":{"enter":[null]},"ForStatement":{"enter":[null]},"FunctionDeclaration":{"enter":[null]},"FunctionExpression":{"enter":[null]},"Program":{"enter":[null]},"ObjectMethod":{"enter":[null]},"SwitchStatement":{"enter":[null]},"WhileStatement":{"enter":[null]},"ArrowFunctionExpression":{"enter":[null]},"ClassExpression":{"enter":[null]},"ClassDeclaration":{"enter":[null]},"ForOfStatement":{"enter":[null]},"ClassMethod":{"enter":[null]},"ClassPrivateMethod":{"enter":[null]},"TSModuleBlock":{"enter":[null]},"AssignmentPattern":{"enter":[null]},"ArrayPattern":{"enter":[null]},"ObjectPattern":{"enter":[null]}},"options":{}},{"key":"transform-unicode-regex","visitor":{"RegExpLiteral":{"enter":[null]},"_exploded":true,"_verified":true},"options":{}},{"key":"transform-property-literals","visitor":{"ObjectProperty":{"exit":[null]},"_exploded":true,"_verified":true},"options":{}},{"key":"transform-exponentiation-operator","visitor":{"AssignmentExpression":{"enter":[null]},"BinaryExpression":{"enter":[null]},"_exploded":true,"_verified":true},"options":{}},{"key":"regenerator-transform","visitor":{"_exploded":true,"_verified":true,"ObjectMethod":{"enter":[null],"exit":[null]},"ClassMethod":{"enter":[null],"exit":[null]},"ClassPrivateMethod":{"enter":[null],"exit":[null]},"FunctionDeclaration":{"exit":[null]},"FunctionExpression":{"exit":[null]},"ArrowFunctionExpression":{"exit":[null]}},"options":{}}],"presets":[],"generatorOpts":{"filename":"/home/leeaus/FinalExam/FinalAssign/client/packages/ejson/stringify.js","comments":true,"compact":false,"sourceMaps":true,"sourceFileName":"packages/ejson/stringify.js"}},"code":"var _typeof;\n\nmodule.link(\"@babel/runtime/helpers/typeof\", {\n  default: function (v) {\n    _typeof = v;\n  }\n}, 0);\n\n// Based on json2.js from https://github.com/douglascrockford/JSON-js\n//\n//    json2.js\n//    2012-10-08\n//\n//    Public Domain.\n//\n//    NO WARRANTY EXPRESSED OR IMPLIED. USE AT YOUR OWN RISK.\nfunction quote(string) {\n  return JSON.stringify(string);\n}\n\nvar str = function (key, holder, singleIndent, outerIndent, canonical) {\n  var value = holder[key]; // What happens next depends on the value's type.\n\n  switch (_typeof(value)) {\n    case 'string':\n      return quote(value);\n\n    case 'number':\n      // JSON numbers must be finite. Encode non-finite numbers as null.\n      return isFinite(value) ? String(value) : 'null';\n\n    case 'boolean':\n      return String(value);\n    // If the type is 'object', we might be dealing with an object or an array or\n    // null.\n\n    case 'object':\n      {\n        // Due to a specification blunder in ECMAScript, typeof null is 'object',\n        // so watch out for that case.\n        if (!value) {\n          return 'null';\n        } // Make an array to hold the partial results of stringifying this object\n        // value.\n\n\n        var innerIndent = outerIndent + singleIndent;\n        var partial = [];\n        var v; // Is the value an array?\n\n        if (Array.isArray(value) || {}.hasOwnProperty.call(value, 'callee')) {\n          // The value is an array. Stringify every element. Use null as a\n          // placeholder for non-JSON values.\n          var length = value.length;\n\n          for (var i = 0; i < length; i += 1) {\n            partial[i] = str(i, value, singleIndent, innerIndent, canonical) || 'null';\n          } // Join all of the elements together, separated with commas, and wrap\n          // them in brackets.\n\n\n          if (partial.length === 0) {\n            v = '[]';\n          } else if (innerIndent) {\n            v = '[\\n' + innerIndent + partial.join(',\\n' + innerIndent) + '\\n' + outerIndent + ']';\n          } else {\n            v = '[' + partial.join(',') + ']';\n          }\n\n          return v;\n        } // Iterate through all of the keys in the object.\n\n\n        var keys = Object.keys(value);\n\n        if (canonical) {\n          keys = keys.sort();\n        }\n\n        keys.forEach(function (k) {\n          v = str(k, value, singleIndent, innerIndent, canonical);\n\n          if (v) {\n            partial.push(quote(k) + (innerIndent ? ': ' : ':') + v);\n          }\n        }); // Join all of the member texts together, separated with commas,\n        // and wrap them in braces.\n\n        if (partial.length === 0) {\n          v = '{}';\n        } else if (innerIndent) {\n          v = '{\\n' + innerIndent + partial.join(',\\n' + innerIndent) + '\\n' + outerIndent + '}';\n        } else {\n          v = '{' + partial.join(',') + '}';\n        }\n\n        return v;\n      }\n\n    default: // Do nothing\n\n  }\n}; // If the JSON object does not yet have a stringify method, give it one.\n\n\nvar canonicalStringify = function (value, options) {\n  // Make a fake root object containing our value under the key of ''.\n  // Return the result of stringifying the value.\n  var allOptions = Object.assign({\n    indent: '',\n    canonical: false\n  }, options);\n\n  if (allOptions.indent === true) {\n    allOptions.indent = '  ';\n  } else if (typeof allOptions.indent === 'number') {\n    var newIndent = '';\n\n    for (var i = 0; i < allOptions.indent; i++) {\n      newIndent += ' ';\n    }\n\n    allOptions.indent = newIndent;\n  }\n\n  return str('', {\n    '': value\n  }, allOptions.indent, '', allOptions.canonical);\n};\n\nmodule.exportDefault(canonicalStringify);","map":{"version":3,"sources":["packages/ejson/stringify.js"],"names":["_typeof","module","link","default","v","quote","string","JSON","stringify","str","key","holder","singleIndent","outerIndent","canonical","value","isFinite","String","innerIndent","partial","Array","isArray","hasOwnProperty","call","length","i","join","keys","Object","sort","forEach","k","push","canonicalStringify","options","allOptions","assign","indent","newIndent","exportDefault"],"mappings":"AAAA,IAAIA,OAAJ;;AAAYC,MAAM,CAACC,IAAP,CAAY,+BAAZ,EAA4C;AAACC,EAAAA,OAAO,EAAC,UAASC,CAAT,EAAW;AAACJ,IAAAA,OAAO,GAACI,CAAR;AAAU;AAA/B,CAA5C,EAA6E,CAA7E;;AAAZ;AACA;AACA;AACA;AACA;AACA;AACA;AACA;AAEA,SAASC,KAAT,CAAeC,MAAf,EAAuB;AACrB,SAAOC,IAAI,CAACC,SAAL,CAAeF,MAAf,CAAP;AACD;;AAED,IAAMG,GAAG,GAAG,UAACC,GAAD,EAAMC,MAAN,EAAcC,YAAd,EAA4BC,WAA5B,EAAyCC,SAAzC,EAAuD;AACjE,MAAMC,KAAK,GAAGJ,MAAM,CAACD,GAAD,CAApB,CADiE,CAGjE;;AACA,kBAAeK,KAAf;AACA,SAAK,QAAL;AACE,aAAOV,KAAK,CAACU,KAAD,CAAZ;;AACF,SAAK,QAAL;AACE;AACA,aAAOC,QAAQ,CAACD,KAAD,CAAR,GAAkBE,MAAM,CAACF,KAAD,CAAxB,GAAkC,MAAzC;;AACF,SAAK,SAAL;AACE,aAAOE,MAAM,CAACF,KAAD,CAAb;AACF;AACA;;AACA,SAAK,QAAL;AAAe;AACb;AACA;AACA,YAAI,CAACA,KAAL,EAAY;AACV,iBAAO,MAAP;AACD,SALY,CAMb;AACA;;;AACA,YAAMG,WAAW,GAAGL,WAAW,GAAGD,YAAlC;AACA,YAAMO,OAAO,GAAG,EAAhB;AACA,YAAIf,CAAJ,CAVa,CAYb;;AACA,YAAIgB,KAAK,CAACC,OAAN,CAAcN,KAAd,KAAyB,EAAD,CAAKO,cAAL,CAAoBC,IAApB,CAAyBR,KAAzB,EAAgC,QAAhC,CAA5B,EAAuE;AACrE;AACA;AACA,cAAMS,MAAM,GAAGT,KAAK,CAACS,MAArB;;AACA,eAAK,IAAIC,CAAC,GAAG,CAAb,EAAgBA,CAAC,GAAGD,MAApB,EAA4BC,CAAC,IAAI,CAAjC,EAAoC;AAClCN,YAAAA,OAAO,CAACM,CAAD,CAAP,GACEhB,GAAG,CAACgB,CAAD,EAAIV,KAAJ,EAAWH,YAAX,EAAyBM,WAAzB,EAAsCJ,SAAtC,CAAH,IAAuD,MADzD;AAED,WAPoE,CASrE;AACA;;;AACA,cAAIK,OAAO,CAACK,MAAR,KAAmB,CAAvB,EAA0B;AACxBpB,YAAAA,CAAC,GAAG,IAAJ;AACD,WAFD,MAEO,IAAIc,WAAJ,EAAiB;AACtBd,YAAAA,CAAC,GAAG,QACFc,WADE,GAEFC,OAAO,CAACO,IAAR,CAAa,QACbR,WADA,CAFE,GAIF,IAJE,GAKFL,WALE,GAMF,GANF;AAOD,WARM,MAQA;AACLT,YAAAA,CAAC,GAAG,MAAMe,OAAO,CAACO,IAAR,CAAa,GAAb,CAAN,GAA0B,GAA9B;AACD;;AACD,iBAAOtB,CAAP;AACD,SAtCY,CAwCb;;;AACA,YAAIuB,IAAI,GAAGC,MAAM,CAACD,IAAP,CAAYZ,KAAZ,CAAX;;AACA,YAAID,SAAJ,EAAe;AACba,UAAAA,IAAI,GAAGA,IAAI,CAACE,IAAL,EAAP;AACD;;AACDF,QAAAA,IAAI,CAACG,OAAL,CAAa,UAAAC,CAAC,EAAI;AAChB3B,UAAAA,CAAC,GAAGK,GAAG,CAACsB,CAAD,EAAIhB,KAAJ,EAAWH,YAAX,EAAyBM,WAAzB,EAAsCJ,SAAtC,CAAP;;AACA,cAAIV,CAAJ,EAAO;AACLe,YAAAA,OAAO,CAACa,IAAR,CAAa3B,KAAK,CAAC0B,CAAD,CAAL,IAAYb,WAAW,GAAG,IAAH,GAAU,GAAjC,IAAwCd,CAArD;AACD;AACF,SALD,EA7Ca,CAoDb;AACA;;AACA,YAAIe,OAAO,CAACK,MAAR,KAAmB,CAAvB,EAA0B;AACxBpB,UAAAA,CAAC,GAAG,IAAJ;AACD,SAFD,MAEO,IAAIc,WAAJ,EAAiB;AACtBd,UAAAA,CAAC,GAAG,QACFc,WADE,GAEFC,OAAO,CAACO,IAAR,CAAa,QACbR,WADA,CAFE,GAIF,IAJE,GAKFL,WALE,GAMF,GANF;AAOD,SARM,MAQA;AACLT,UAAAA,CAAC,GAAG,MAAMe,OAAO,CAACO,IAAR,CAAa,GAAb,CAAN,GAA0B,GAA9B;AACD;;AACD,eAAOtB,CAAP;AACD;;AAED,YAhFA,CAgFS;;AAhFT;AAkFD,CAtFD,C,CAwFA;;;AACA,IAAM6B,kBAAkB,GAAG,UAAClB,KAAD,EAAQmB,OAAR,EAAoB;AAC7C;AACA;AACA,MAAMC,UAAU,GAAGP,MAAM,CAACQ,MAAP,CAAc;AAC/BC,IAAAA,MAAM,EAAE,EADuB;AAE/BvB,IAAAA,SAAS,EAAE;AAFoB,GAAd,EAGhBoB,OAHgB,CAAnB;;AAIA,MAAIC,UAAU,CAACE,MAAX,KAAsB,IAA1B,EAAgC;AAC9BF,IAAAA,UAAU,CAACE,MAAX,GAAoB,IAApB;AACD,GAFD,MAEO,IAAI,OAAOF,UAAU,CAACE,MAAlB,KAA6B,QAAjC,EAA2C;AAChD,QAAIC,SAAS,GAAG,EAAhB;;AACA,SAAK,IAAIb,CAAC,GAAG,CAAb,EAAgBA,CAAC,GAAGU,UAAU,CAACE,MAA/B,EAAuCZ,CAAC,EAAxC,EAA4C;AAC1Ca,MAAAA,SAAS,IAAI,GAAb;AACD;;AACDH,IAAAA,UAAU,CAACE,MAAX,GAAoBC,SAApB;AACD;;AACD,SAAO7B,GAAG,CAAC,EAAD,EAAK;AAAC,QAAIM;AAAL,GAAL,EAAkBoB,UAAU,CAACE,MAA7B,EAAqC,EAArC,EAAyCF,UAAU,CAACrB,SAApD,CAAV;AACD,CAjBD;;AAtGAb,MAAM,CAACsC,aAAP,CAyHeN,kBAzHf","sourcesContent":["// Based on json2.js from https://github.com/douglascrockford/JSON-js\n//\n//    json2.js\n//    2012-10-08\n//\n//    Public Domain.\n//\n//    NO WARRANTY EXPRESSED OR IMPLIED. USE AT YOUR OWN RISK.\n\nfunction quote(string) {\n  return JSON.stringify(string);\n}\n\nconst str = (key, holder, singleIndent, outerIndent, canonical) => {\n  const value = holder[key];\n\n  // What happens next depends on the value's type.\n  switch (typeof value) {\n  case 'string':\n    return quote(value);\n  case 'number':\n    // JSON numbers must be finite. Encode non-finite numbers as null.\n    return isFinite(value) ? String(value) : 'null';\n  case 'boolean':\n    return String(value);\n  // If the type is 'object', we might be dealing with an object or an array or\n  // null.\n  case 'object': {\n    // Due to a specification blunder in ECMAScript, typeof null is 'object',\n    // so watch out for that case.\n    if (!value) {\n      return 'null';\n    }\n    // Make an array to hold the partial results of stringifying this object\n    // value.\n    const innerIndent = outerIndent + singleIndent;\n    const partial = [];\n    let v;\n\n    // Is the value an array?\n    if (Array.isArray(value) || ({}).hasOwnProperty.call(value, 'callee')) {\n      // The value is an array. Stringify every element. Use null as a\n      // placeholder for non-JSON values.\n      const length = value.length;\n      for (let i = 0; i < length; i += 1) {\n        partial[i] =\n          str(i, value, singleIndent, innerIndent, canonical) || 'null';\n      }\n\n      // Join all of the elements together, separated with commas, and wrap\n      // them in brackets.\n      if (partial.length === 0) {\n        v = '[]';\n      } else if (innerIndent) {\n        v = '[\\n' +\n          innerIndent +\n          partial.join(',\\n' +\n          innerIndent) +\n          '\\n' +\n          outerIndent +\n          ']';\n      } else {\n        v = '[' + partial.join(',') + ']';\n      }\n      return v;\n    }\n\n    // Iterate through all of the keys in the object.\n    let keys = Object.keys(value);\n    if (canonical) {\n      keys = keys.sort();\n    }\n    keys.forEach(k => {\n      v = str(k, value, singleIndent, innerIndent, canonical);\n      if (v) {\n        partial.push(quote(k) + (innerIndent ? ': ' : ':') + v);\n      }\n    });\n\n    // Join all of the member texts together, separated with commas,\n    // and wrap them in braces.\n    if (partial.length === 0) {\n      v = '{}';\n    } else if (innerIndent) {\n      v = '{\\n' +\n        innerIndent +\n        partial.join(',\\n' +\n        innerIndent) +\n        '\\n' +\n        outerIndent +\n        '}';\n    } else {\n      v = '{' + partial.join(',') + '}';\n    }\n    return v;\n  }\n\n  default: // Do nothing\n  }\n};\n\n// If the JSON object does not yet have a stringify method, give it one.\nconst canonicalStringify = (value, options) => {\n  // Make a fake root object containing our value under the key of ''.\n  // Return the result of stringifying the value.\n  const allOptions = Object.assign({\n    indent: '',\n    canonical: false,\n  }, options);\n  if (allOptions.indent === true) {\n    allOptions.indent = '  ';\n  } else if (typeof allOptions.indent === 'number') {\n    let newIndent = '';\n    for (let i = 0; i < allOptions.indent; i++) {\n      newIndent += ' ';\n    }\n    allOptions.indent = newIndent;\n  }\n  return str('', {'': value}, allOptions.indent, '', allOptions.canonical);\n};\n\nexport default canonicalStringify;\n"]},"sourceType":"module","hash":"f399efef0d64b9c1d8599081a2fb80f334c2e345"}
